projectName,unitName,epShort,samplingStartDate,plot,clipPlotNo,clipPlotMat,bagNo,grossDryWt_g,bagWt_g
Washington DNR Pilot Project,25 Mile,PRE,23-Sep-16,1,1,Grass,1,42.1,5.9
Washington DNR Pilot Project,25 Mile,PRE,23-Sep-16,1,1,Shrubs,1,18.3,5.9
Washington DNR Pilot Project,25 Mile,PRE,23-Sep-16,2,1,Forbs/Herbaceous,1,8.4,5.9
Washington DNR Pilot Project,25 Mile,PRE,23-Sep-16,2,1,Grass,1,90.4,46.2
Washington DNR Pilot Project,25 Mile,PRE,23-Sep-16,3,1,Forbs/Herbaceous,1,8.6,6
Washington DNR Pilot Project,25 Mile,PRE,23-Sep-16,3,1,Grass,1,22.9,5.7
Washington DNR Pilot Project,25 Mile,PRE,23-Sep-16,3,1,Shrubs,1,130.3,46.1
Washington DNR Pilot Project,25 Mile,PRE,23-Sep-16,4,1,Grass,1,117.5,45.1
Washington DNR Pilot Project,25 Mile,PRE,23-Sep-16,4,1,Shrubs,1,148,41.7
Washington DNR Pilot Project,25 Mile,PRE,23-Sep-16,5,1,Forbs/Herbaceous,1,18.4,6
Washington DNR Pilot Project,25 Mile,PRE,23-Sep-16,5,1,Grass,1,75.8,41.7
Washington DNR Pilot Project,25 Mile,PRE,23-Sep-16,6,1,Forbs/Herbaceous,1,6.9,6
Washington DNR Pilot Project,25 Mile,PRE,23-Sep-16,6,1,Grass,1,36.5,6
Washington DNR Pilot Project,25 Mile,PRE,23-Sep-16,7,1,Forbs/Herbaceous,1,10.4,6
Washington DNR Pilot Project,25 Mile,PRE,23-Sep-16,7,1,Grass,1,89.2,25.4
Washington DNR Pilot Project,25 Mile,PRE,23-Sep-16,8,1,Forbs/Herbaceous,1,6.9,6
Washington DNR Pilot Project,25 Mile,PRE,23-Sep-16,8,1,Grass,1,99.3,41.8
Washington DNR Pilot Project,25 Mile,PRE,23-Sep-16,9,1,Grass,1,107.8,34.2
Washington DNR Pilot Project,25 Mile,PRE,23-Sep-16,10,1,Shrubs,1,615.6,45.5
Washington DNR Pilot Project,25 Mile,PRE,23-Sep-16,10,1,Forbs/Herbaceous,1,12.6,5.5
Washington DNR Pilot Project,25 Mile,PRE,23-Sep-16,10,1,Grass,1,12.6,6.2
Washington DNR Pilot Project,25 Mile,PRE,23-Sep-16,11,1,Grass,1,101.9,47.3
Washington DNR Pilot Project,25 Mile,PRE,23-Sep-16,11,1,Forbs/Herbaceous,1,8.5,6.2
Washington DNR Pilot Project,25 Mile,PRE,23-Sep-16,11,1,Shrubs,1,282.8,47
Washington DNR Pilot Project,25 Mile,PRE,23-Sep-16,12,1,Forbs/Herbaceous,1,23.7,6
Washington DNR Pilot Project,25 Mile,PRE,23-Sep-16,12,1,Shrubs,1,51.1,22.5
Washington DNR Pilot Project,25 Mile,PRE,23-Sep-16,12,1,Grass,1,183.6,46.5
Washington DNR Pilot Project,25 Mile,PRE,23-Sep-16,13,1,Grass,1,224.6,26.6
Washington DNR Pilot Project,25 Mile,PRE,23-Sep-16,13,1,Shrubs,1,81.6,22.1
Washington DNR Pilot Project,25 Mile,PRE,23-Sep-16,14,1,Shrubs,1,83.2,46.1
Washington DNR Pilot Project,25 Mile,PRE,23-Sep-16,14,1,Grass,1,20.8,5.9
Washington DNR Pilot Project,25 Mile,PRE,23-Sep-16,15,1,Forbs/Herbaceous,1,6.2,5.8
Washington DNR Pilot Project,25 Mile,PRE,23-Sep-16,15,1,Grass,1,141.1,46.4
Washington DNR Pilot Project,25 Mile,PRE,23-Sep-16,16,1,Grass,1,104.3,46.5
Washington DNR Pilot Project,25 Mile,PRE,23-Sep-16,16,1,Forbs/Herbaceous,1,12.1,7.1
Washington DNR Pilot Project,25 Mile,PRE,23-Sep-16,16,1,Shrubs,1,8.8,7
Washington DNR Pilot Project,25 Mile,PRE,23-Sep-16,17,1,Forbs/Herbaceous,1,12,9.7
Washington DNR Pilot Project,25 Mile,PRE,23-Sep-16,17,1,Grass,1,132.9,46
Washington DNR Pilot Project,25 Mile,PRE,23-Sep-16,18,1,Forbs/Herbaceous,1,7.7,6.9
Washington DNR Pilot Project,25 Mile,PRE,23-Sep-16,18,1,Grass,1,116.6,45.9
Washington DNR Pilot Project,25 Mile,PRE,23-Sep-16,18,1,Shrubs,1,12.8,6.9
Washington DNR Pilot Project,25 Mile,PRE,23-Sep-16,18,1,Grass,1,141.1,46.5
Washington DNR Pilot Project,25 Mile,PRE,23-Sep-16,19,1,Grass,1,257.3,30.3
Washington DNR Pilot Project,25 Mile,PRE,23-Sep-16,19,1,Forbs/Herbaceous,1,10.2,5.9
Washington DNR Pilot Project,25 Mile,PRE,23-Sep-16,20,1,Grass,1,52.9,6.9
Washington DNR Pilot Project,25 Mile,PRE,23-Sep-16,20,1,Forbs/Herbaceous,1,12.4,7.1
Washington DNR Pilot Project,25 Mile,POST,2-Jun-17,1,1,Forbs/Herbaceous,1,7.44,6.91
Washington DNR Pilot Project,25 Mile,POST,2-Jun-17,1,1,Shrubs,1,15.64,6.93
Washington DNR Pilot Project,25 Mile,POST,2-Jun-17,1,1,Grass,1,112.63,41.61
Washington DNR Pilot Project,25 Mile,POST,2-Jun-17,2,1,Forbs/Herbaceous,1,71.94,53.81
Washington DNR Pilot Project,25 Mile,POST,2-Jun-17,3,1,Grass,1,6.36,6
Washington DNR Pilot Project,25 Mile,POST,2-Jun-17,4,1,Forbs/Herbaceous,1,12.78,6.87
Washington DNR Pilot Project,25 Mile,POST,2-Jun-17,4,1,Grass,1,112.78,53.55
Washington DNR Pilot Project,25 Mile,POST,2-Jun-17,5,1,Forbs/Herbaceous,1,7.36,6.93
Washington DNR Pilot Project,25 Mile,POST,2-Jun-17,5,1,Grass,1,67.33,10.05
Washington DNR Pilot Project,25 Mile,POST,2-Jun-17,8,1,Forbs/Herbaceous,1,8.6,7.05
Washington DNR Pilot Project,25 Mile,POST,2-Jun-17,8,1,Grass,1,102.45,41.94
Washington DNR Pilot Project,25 Mile,POST,2-Jun-17,10,1,Forbs/Herbaceous,1,8.12,7.1
Washington DNR Pilot Project,25 Mile,POST,2-Jun-17,12,1,Shrubs,1,271.54,42.11
Washington DNR Pilot Project,25 Mile,POST,2-Jun-17,12,1,Forbs/Herbaceous,1,15.68,10.02
Washington DNR Pilot Project,25 Mile,POST,2-Jun-17,12,1,Grass,1,99.37,42.61
Washington DNR Pilot Project,25 Mile,POST,2-Jun-17,12,1,Grass,2,13.87,9.9
Washington DNR Pilot Project,25 Mile,POST,2-Jun-17,12,1,Shrubs,2,258.73,42.42
Washington DNR Pilot Project,25 Mile,POST,2-Jun-17,12,1,Shrubs,3,518.43,42.21
Washington DNR Pilot Project,25 Mile,POST,2-Jun-17,13,1,Shrubs,1,17.11,10.07
Washington DNR Pilot Project,25 Mile,POST,2-Jun-17,13,1,Grass,1,13.19,7.13
Washington DNR Pilot Project,25 Mile,POST,2-Jun-17,14,1,Grass,1,8.23,6.03
Washington DNR Pilot Project,25 Mile,POST,2-Jun-17,14,1,Forbs/Herbaceous,1,6.9,5.99
Washington DNR Pilot Project,25 Mile,POST,2-Jun-17,15,1,Grass,1,10.79,7.1
Washington DNR Pilot Project,25 Mile,POST,2-Jun-17,15,1,Forbs/Herbaceous,1,7.59,7.04
Washington DNR Pilot Project,25 Mile,POST,2-Jun-17,16,1,Shrubs,1,9.3,7.12
Washington DNR Pilot Project,25 Mile,POST,2-Jun-17,16,1,Grass,1,11.1,7.16
Washington DNR Pilot Project,25 Mile,POST,2-Jun-17,17,1,Grass,1,21,10.01
Washington DNR Pilot Project,25 Mile,POST,2-Jun-17,18,1,Forbs/Herbaceous,1,8.19,6.01
Washington DNR Pilot Project,25 Mile,POST,2-Jun-17,18,1,Grass,1,14.13,6.01
Washington DNR Pilot Project,25 Mile,POST,2-Jun-17,19,1,Forbs/Herbaceous,1,9.33,6.04
Washington DNR Pilot Project,25 Mile,POST,2-Jun-17,19,1,Grass,1,17.76,6.05
Washington DNR Pilot Project,25 Mile,POST,2-Jun-17,20,1,Grass,1,8.8,5.99
Washington DNR Pilot Project,Angel,PRE,20-Sep-16,1,1,Shrubs,1,62.9,46.1
Washington DNR Pilot Project,Angel,PRE,20-Sep-16,1,1,Forbs/Herbaceous,1,6.7,5.8
Washington DNR Pilot Project,Angel,PRE,20-Sep-16,1,1,Grass,1,10.7,5.9
Washington DNR Pilot Project,Angel,PRE,20-Sep-16,2,1,Forbs/Herbaceous,1,23.6,5.9
Washington DNR Pilot Project,Angel,PRE,20-Sep-16,2,1,Shrubs,1,22.6,5.8
Washington DNR Pilot Project,Angel,PRE,20-Sep-16,2,1,Grass,1,26.8,5.8
Washington DNR Pilot Project,Angel,PRE,20-Sep-16,3,1,Shrubs,1,90.5,41.5
Washington DNR Pilot Project,Angel,PRE,20-Sep-16,3,1,Forbs/Herbaceous,1,19.8,5.8
Washington DNR Pilot Project,Angel,PRE,20-Sep-16,3,1,Grass,1,124.3,46
Washington DNR Pilot Project,Angel,PRE,20-Sep-16,3,1,Grass,1,196.6,41.8
Washington DNR Pilot Project,Angel,PRE,20-Sep-16,4,1,Shrubs,1,9.4,5.7
Washington DNR Pilot Project,Angel,PRE,20-Sep-16,4,1,Forbs/Herbaceous,1,23.1,5.6
Washington DNR Pilot Project,Angel,PRE,20-Sep-16,4,1,Grass,1,94.5,41.4
Washington DNR Pilot Project,Angel,PRE,20-Sep-16,5,1,Grass,1,21.6,5.7
Washington DNR Pilot Project,Angel,PRE,20-Sep-16,5,1,Shrubs,1,26.4,5.9
Washington DNR Pilot Project,Angel,PRE,20-Sep-16,6,1,Grass,1,10.9,5.9
Washington DNR Pilot Project,Angel,PRE,20-Sep-16,7,1,Shrubs,1,260.5,45.3
Washington DNR Pilot Project,Angel,PRE,20-Sep-16,7,1,Forbs/Herbaceous,1,8.6,6
Washington DNR Pilot Project,Angel,PRE,20-Sep-16,7,1,Grass,1,17.4,5.9
Washington DNR Pilot Project,Angel,PRE,20-Sep-16,8,1,Shrubs,1,79.7,44.6
Washington DNR Pilot Project,Angel,PRE,20-Sep-16,8,1,Forbs/Herbaceous,1,9.1,5.9
Washington DNR Pilot Project,Angel,PRE,20-Sep-16,9,1,Grass,1,78.8,46.1
Washington DNR Pilot Project,Angel,PRE,20-Sep-16,9,1,Shrubs,1,9.2,5.8
Washington DNR Pilot Project,Angel,PRE,20-Sep-16,10,1,Forbs/Herbaceous,1,20.8,6.9
Washington DNR Pilot Project,Angel,PRE,20-Sep-16,10,1,Grass,1,28.3,5.9
Washington DNR Pilot Project,Angel,PRE,20-Sep-16,10,1,Shrubs,1,240.9,46.5
Washington DNR Pilot Project,Angel,PRE,20-Sep-16,10,1,Shrubs,1,284.4,45.8
Washington DNR Pilot Project,Angel,PRE,20-Sep-16,10,1,Shrubs,1,211.6,46.7
Washington DNR Pilot Project,Angel,PRE,20-Sep-16,11,1,Forbs/Herbaceous,1,11.8,6
Washington DNR Pilot Project,Angel,PRE,20-Sep-16,11,1,Grass,1,13.5,5.8
Washington DNR Pilot Project,Angel,PRE,20-Sep-16,11,1,Shrubs,1,89.7,46.6
Washington DNR Pilot Project,Angel,PRE,20-Sep-16,12,1,Forbs/Herbaceous,1,16.4,6
Washington DNR Pilot Project,Angel,PRE,20-Sep-16,12,1,Shrubs,1,12.2,5.7
Washington DNR Pilot Project,Angel,PRE,20-Sep-16,12,1,Grass,1,26.7,5.9
Washington DNR Pilot Project,Angel,PRE,20-Sep-16,13,1,Shrubs,1,213.5,45.6
Washington DNR Pilot Project,Angel,PRE,20-Sep-16,14,1,Grass,1,9.9,6
Washington DNR Pilot Project,Angel,PRE,20-Sep-16,14,1,Forbs/Herbaceous,1,17.1,6
Washington DNR Pilot Project,Angel,PRE,20-Sep-16,14,1,Shrubs,1,20.3,5.8
Washington DNR Pilot Project,Angel,PRE,20-Sep-16,15,1,Grass,1,20.6,6
Washington DNR Pilot Project,Angel,PRE,20-Sep-16,15,1,Shrubs,1,7.7,5.8
Washington DNR Pilot Project,Angel,PRE,20-Sep-16,16,1,Grass,1,19.1,5.9
Washington DNR Pilot Project,Angel,PRE,20-Sep-16,16,1,Forbs/Herbaceous,1,7.1,5.8
Washington DNR Pilot Project,Angel,PRE,20-Sep-16,16,1,Shrubs,1,24,6.1
Washington DNR Pilot Project,Angel,PRE,20-Sep-16,17,1,Shrubs,1,65.3,46.2
Washington DNR Pilot Project,Angel,PRE,20-Sep-16,17,1,Grass,1,9.2,5.8
Washington DNR Pilot Project,Angel,PRE,20-Sep-16,17,1,Forbs/Herbaceous,1,16.5,5.8
Washington DNR Pilot Project,Angel,PRE,20-Sep-16,18,1,Forbs/Herbaceous,1,13.5,5.8
Washington DNR Pilot Project,Angel,PRE,20-Sep-16,18,1,Shrubs,1,17.4,5.8
Washington DNR Pilot Project,Angel,PRE,20-Sep-16,19,1,Shrubs,1,12.7,5.8
Washington DNR Pilot Project,Angel,PRE,20-Sep-16,19,1,Forbs/Herbaceous,1,7.6,5.9
Washington DNR Pilot Project,Angel,PRE,20-Sep-16,19,1,Grass,1,8.4,5.8
Washington DNR Pilot Project,Angel,PRE,20-Sep-16,20,1,Shrubs,1,8.1,5.8
Washington DNR Pilot Project,Angel,POST,8-Oct-16,1,2,Grass,1,54.1,46.1
Washington DNR Pilot Project,Angel,POST,8-Oct-16,1,2,Forbs/Herbaceous,1,15.9,5.8
Washington DNR Pilot Project,Angel,POST,8-Oct-16,2,2,Forbs/Herbaceous,1,6.2,5.8
Washington DNR Pilot Project,Angel,POST,8-Oct-16,6,2,Grass,1,11.3,5.9
Washington DNR Pilot Project,Angel,POST,8-Oct-16,6,2,Shrubs,1,38,6
Washington DNR Pilot Project,Angel,POST,8-Oct-16,6,2,Forbs/Herbaceous,1,12.3,5.9
Washington DNR Pilot Project,Angel,POST,8-Oct-16,9,2,Shrubs,1,58.5,46
Washington DNR Pilot Project,Angel,POST,8-Oct-16,9,2,Grass,1,12.4,5.9
Washington DNR Pilot Project,Angel,POST,8-Oct-16,9,2,Forbs/Herbaceous,1,6.4,5.8
Washington DNR Pilot Project,Angel,POST,8-Oct-16,10,2,Forbs/Herbaceous,1,10.7,5.9
Washington DNR Pilot Project,Angel,POST,8-Oct-16,10,2,Shrubs,1,10.2,5.9
Washington DNR Pilot Project,Angel,POST,8-Oct-16,11,2,Shrubs,1,135.9,46
Washington DNR Pilot Project,Angel,POST,8-Oct-16,12,2,Shrubs,1,50,45.5
Washington DNR Pilot Project,Angel,POST,8-Oct-16,13,2,Grass,1,6.5,5.8
Washington DNR Pilot Project,Angel,POST,8-Oct-16,13,2,Shrubs,1,7.2,5.8
Washington DNR Pilot Project,Angel,POST,8-Oct-16,14,2,Forbs/Herbaceous,1,8.1,5.9
Washington DNR Pilot Project,Angel,POST,8-Oct-16,14,2,Shrubs,1,10,5.9
Washington DNR Pilot Project,Angel,POST,8-Oct-16,15,2,Shrubs,1,7.3,5.9
Washington DNR Pilot Project,Angel,POST,8-Oct-16,16,2,Grass,1,6.3,5.8
Washington DNR Pilot Project,Angel,POST,8-Oct-16,16,2,Shrubs,1,6.1,5.9
Washington DNR Pilot Project,Angel,POST,8-Oct-16,18,2,Forbs/Herbaceous,1,10,5.9
Washington DNR Pilot Project,Angel,POST,8-Oct-16,18,2,Shrubs,1,193.1,46.1
Washington DNR Pilot Project,Angel,POST,8-Oct-16,18,2,Shrubs,1,238.3,45.6
Washington DNR Pilot Project,Angel,POST,8-Oct-16,19,2,Shrubs,1,80.9,45.7
Washington DNR Pilot Project,Chumstick ZUI,PRE,12-Sep-16,1,1,Shrubs,1,99,46.6
Washington DNR Pilot Project,Chumstick ZUI,PRE,12-Sep-16,1,1,Shrubs,1,22.1,5.8
Washington DNR Pilot Project,Chumstick ZUI,PRE,12-Sep-16,2,1,Shrubs,1,23.5,5.9
Washington DNR Pilot Project,Chumstick ZUI,PRE,12-Sep-16,3,1,Shrubs,1,137.8,46.7
Washington DNR Pilot Project,Chumstick ZUI,PRE,12-Sep-16,4,1,Grass,1,9.4,5.9
Washington DNR Pilot Project,Chumstick ZUI,PRE,12-Sep-16,5,1,Forbs/Herbaceous,1,7.9,5.9
Washington DNR Pilot Project,Chumstick ZUI,PRE,12-Sep-16,5,1,Shrubs,1,12.6,5.9
Washington DNR Pilot Project,Chumstick ZUI,PRE,12-Sep-16,5,1,Grass,1,10.4,5.8
Washington DNR Pilot Project,Chumstick ZUI,PRE,12-Sep-16,6,1,Forbs/Herbaceous,1,90.4,46.7
Washington DNR Pilot Project,Chumstick ZUI,PRE,12-Sep-16,6,1,Grass,1,11.2,5.9
Washington DNR Pilot Project,Chumstick ZUI,PRE,12-Sep-16,7,1,Forbs/Herbaceous,1,14.8,5.8
Washington DNR Pilot Project,Chumstick ZUI,PRE,12-Sep-16,7,1,Shrubs,1,33.8,5.8
Washington DNR Pilot Project,Chumstick ZUI,PRE,12-Sep-16,8,1,Shrubs,1,27.9,5.8
Washington DNR Pilot Project,Chumstick ZUI,PRE,12-Sep-16,8,1,Grass,1,10.1,5.7
Washington DNR Pilot Project,Chumstick ZUI,PRE,12-Sep-16,8,1,Forbs/Herbaceous,1,10.9,5.9
Washington DNR Pilot Project,Chumstick ZUI,PRE,12-Sep-16,9,1,Grass,1,125.5,46.9
Washington DNR Pilot Project,Chumstick ZUI,PRE,12-Sep-16,9,1,Forbs/Herbaceous,1,10.9,5.9
Washington DNR Pilot Project,Chumstick ZUI,PRE,12-Sep-16,10,1,Forbs/Herbaceous,1,10.3,5.8
Washington DNR Pilot Project,Chumstick ZUI,PRE,12-Sep-16,10,1,Grass,1,23.6,5.8
Washington DNR Pilot Project,Chumstick ZUI,PRE,12-Sep-16,11,1,Shrubs,1,83.3,46.3
Washington DNR Pilot Project,Chumstick ZUI,PRE,12-Sep-16,12,1,Grass,1,97,46.9
Washington DNR Pilot Project,Chumstick ZUI,PRE,12-Sep-16,13,1,Shrubs,1,149.4,46.9
Washington DNR Pilot Project,Chumstick ZUI,PRE,12-Sep-16,13,1,Forbs/Herbaceous,1,8.9,5.9
Washington DNR Pilot Project,Chumstick ZUI,PRE,12-Sep-16,14,1,Grass,1,106.5,46.5
Washington DNR Pilot Project,Chumstick ZUI,PRE,12-Sep-16,14,1,Forbs/Herbaceous,1,7.8,5.9
Washington DNR Pilot Project,Chumstick ZUI,PRE,12-Sep-16,14,1,Shrubs,1,15.6,6
Washington DNR Pilot Project,Chumstick ZUI,PRE,12-Sep-16,15,1,Shrubs,1,15.5,7
Washington DNR Pilot Project,Chumstick ZUI,PRE,12-Sep-16,15,1,Grass,1,78,45.6
Washington DNR Pilot Project,Chumstick ZUI,POST,24-Oct-16,3,1,Shrubs,1,189,42.2
Washington DNR Pilot Project,Chumstick ZUI,POST,24-Oct-16,8,1,Shrubs,1,60.4,57.7
Washington DNR Pilot Project,Chumstick ZUI,POST,24-Oct-16,9,1,Forbs/Herbaceous,1,9,6.7
Washington DNR Pilot Project,Chumstick ZUI,POST,24-Oct-16,9,1,Shrubs,1,9.2,6.4
Washington DNR Pilot Project,Chumstick ZUI,POST,24-Oct-16,10,1,Shrubs,1,11.2,6.9
Washington DNR Pilot Project,Chumstick ZUI,POST,24-Oct-16,10,1,Forbs/Herbaceous,1,8,5.7
Washington DNR Pilot Project,Chumstick ZUI,POST,24-Oct-16,11,1,Shrubs,1,59.9,42.2
Washington DNR Pilot Project,Chumstick ZUI,POST,24-Oct-16,11,1,Forbs/Herbaceous,1,61.5,42.5
Washington DNR Pilot Project,Chumstick ZUI,POST,24-Oct-16,13,1,Grass,1,13.6,7.1
Washington DNR Pilot Project,Chumstick ZUI,POST,24-Oct-16,13,1,Forbs/Herbaceous,1,11.8,7
Washington DNR Pilot Project,Chumstick ZUI,POST,24-Oct-16,14,1,Grass,1,74.4,42.2
Washington DNR Pilot Project,Chumstick ZUI,POST,24-Oct-16,14,1,Forbs/Herbaceous,1,13.6,6
Washington DNR Pilot Project,Chumstick ZUI,POST,24-Oct-16,14,1,Shrubs,1,80.8,46.2
Washington DNR Pilot Project,Orion 2,PRE,10-Sep-16,1,1,Shrubs,1,246.2,46.8
Washington DNR Pilot Project,Orion 2,PRE,10-Sep-16,1,1,Forbs/Herbaceous,1,7.7,5.9
Washington DNR Pilot Project,Orion 2,PRE,10-Sep-16,1,1,Shrubs,1,208.2,46.8
Washington DNR Pilot Project,Orion 2,PRE,10-Sep-16,1,1,Grass,1,114.9,46.5
Washington DNR Pilot Project,Orion 2,PRE,10-Sep-16,2,1,Grass,1,25.2,5.9
Washington DNR Pilot Project,Orion 2,PRE,10-Sep-16,3,1,Shrubs,1,10.4,5.9
Washington DNR Pilot Project,Orion 2,PRE,10-Sep-16,3,1,Grass,1,9.3,5.9
Washington DNR Pilot Project,Orion 2,PRE,10-Sep-16,4,1,Grass,1,12.1,5.9
Washington DNR Pilot Project,Orion 2,PRE,10-Sep-16,4,1,Shrubs,1,143.2,44.1
Washington DNR Pilot Project,Orion 2,PRE,10-Sep-16,4,1,Forbs/Herbaceous,1,11.1,7
Washington DNR Pilot Project,Orion 2,PRE,10-Sep-16,5,1,Shrubs,1,67.5,43.5
Washington DNR Pilot Project,Orion 2,PRE,10-Sep-16,6,1,Forbs/Herbaceous,1,9.3,5.9
Washington DNR Pilot Project,Orion 2,PRE,10-Sep-16,6,1,Grass,1,100.6,43.5
Washington DNR Pilot Project,Orion 2,PRE,10-Sep-16,6,1,Shrubs,1,19.1,5.9
Washington DNR Pilot Project,Orion 2,PRE,10-Sep-16,7,1,Grass,1,148,44.2
Washington DNR Pilot Project,Orion 2,PRE,10-Sep-16,7,1,Forbs/Herbaceous,1,14.8,9.8
Washington DNR Pilot Project,Orion 2,PRE,10-Sep-16,8,1,Grass,1,140.7,43.9
Washington DNR Pilot Project,Orion 2,PRE,10-Sep-16,8,1,Forbs/Herbaceous,1,14.6,9.9
Washington DNR Pilot Project,Orion 2,PRE,10-Sep-16,9,1,Forbs/Herbaceous,1,11.5,5.9
Washington DNR Pilot Project,Orion 2,PRE,10-Sep-16,9,1,Grass,1,226.1,43.9
Washington DNR Pilot Project,Orion 2,PRE,10-Sep-16,9,1,Shrubs,1,89.5,43.6
Washington DNR Pilot Project,Orion 2,PRE,10-Sep-16,10,1,Grass,1,83,43.7
Washington DNR Pilot Project,Orion 2,PRE,10-Sep-16,10,1,Forbs/Herbaceous,1,7.3,5.9
Washington DNR Pilot Project,Orion 2,PRE,10-Sep-16,11,1,Shrubs,1,46.1,10
Washington DNR Pilot Project,Orion 2,PRE,10-Sep-16,11,1,Grass,1,176.5,43.9
Washington DNR Pilot Project,Orion 2,PRE,10-Sep-16,11,1,Forbs/Herbaceous,1,12,9.9
Washington DNR Pilot Project,Orion 2,PRE,10-Sep-16,12,1,Grass,1,171.8,46.7
Washington DNR Pilot Project,Orion 2,PRE,10-Sep-16,12,1,Shrubs,1,28.1,7.1
Washington DNR Pilot Project,Orion 2,PRE,10-Sep-16,12,1,Forbs/Herbaceous,1,15,9.9
Washington DNR Pilot Project,Orion 2,PRE,10-Sep-16,13,1,Forbs/Herbaceous,1,11.5,5.8
Washington DNR Pilot Project,Orion 2,PRE,10-Sep-16,13,1,Grass,1,181.8,46.8
Washington DNR Pilot Project,Orion 2,PRE,10-Sep-16,14,1,Grass,1,91.9,53.6
Washington DNR Pilot Project,Orion 2,PRE,10-Sep-16,14,1,Shrubs,1,48.2,6
Washington DNR Pilot Project,Orion 2,PRE,10-Sep-16,14,1,Forbs/Herbaceous,1,8.6,5.8
Washington DNR Pilot Project,Orion 2,PRE,10-Sep-16,15,1,Forbs/Herbaceous,1,7.1,5.9
Washington DNR Pilot Project,Orion 2,PRE,10-Sep-16,15,1,Grass,1,139.1,53.4
Washington DNR Pilot Project,Orion 2,PRE,10-Sep-16,16,1,Shrubs,1,8.7,5.9
Washington DNR Pilot Project,Orion 2,PRE,10-Sep-16,16,1,Grass,1,10.1,5.8
Washington DNR Pilot Project,Orion 2,PRE,10-Sep-16,16,1,Forbs/Herbaceous,1,7.3,5.9
Washington DNR Pilot Project,Orion 2,PRE,10-Sep-16,17,1,Grass,1,63.3,5.8
Washington DNR Pilot Project,Orion 2,PRE,10-Sep-16,17,1,Forbs/Herbaceous,1,13.2,5.8
Washington DNR Pilot Project,Orion 2,PRE,10-Sep-16,18,1,Grass,1,70.8,9.9
Washington DNR Pilot Project,Orion 2,PRE,10-Sep-16,18,1,Forbs/Herbaceous,1,7.7,5.9
Washington DNR Pilot Project,Orion 2,PRE,10-Sep-16,18,1,Shrubs,1,42.7,6
Washington DNR Pilot Project,Orion 2,PRE,10-Sep-16,19,1,Forbs/Herbaceous,1,14.1,9.6
Washington DNR Pilot Project,Orion 2,PRE,10-Sep-16,19,1,Grass,1,130,46.4
Washington DNR Pilot Project,Orion 2,PRE,10-Sep-16,20,1,Forbs/Herbaceous,1,8.5,5.9
Washington DNR Pilot Project,Orion 2,PRE,10-Sep-16,20,1,Grass,1,52.1,5.8
Washington DNR Pilot Project,Orion 2,PRE,10-Sep-16,20,1,Shrubs,1,17.6,5.9
Washington DNR Pilot Project,Orion 2,POST,12-Oct-16,1,2,Grass,1,71,46
Washington DNR Pilot Project,Orion 2,POST,12-Oct-16,2,2,Grass,1,8.5,5.9
Washington DNR Pilot Project,Orion 2,POST,12-Oct-16,7,2,Grass,1,79.2,46.2
Washington DNR Pilot Project,Orion 2,POST,12-Oct-16,7,2,Forbs/Herbaceous,1,11.7,5.8
Washington DNR Pilot Project,Orion 2,POST,12-Oct-16,8,2,Grass,1,12.4,5.8
Washington DNR Pilot Project,Orion 2,POST,12-Oct-16,9,2,Forbs/Herbaceous,1,7.6,5.8
Washington DNR Pilot Project,Orion 2,POST,12-Oct-16,9,2,Grass,1,9,5.9
Washington DNR Pilot Project,Orion 2,POST,12-Oct-16,9,2,Shrubs,1,8.6,5.9
Washington DNR Pilot Project,Orion 2,POST,12-Oct-16,10,2,Shrubs,1,10.7,5.9
Washington DNR Pilot Project,Orion 2,POST,12-Oct-16,11,2,Forbs/Herbaceous,1,7.8,5.9
Washington DNR Pilot Project,Orion 2,POST,12-Oct-16,11,2,Grass,1,11,5.9
Washington DNR Pilot Project,Orion 2,POST,12-Oct-16,12,2,Shrubs,1,8,5.8
Washington DNR Pilot Project,Orion 2,POST,12-Oct-16,16,2,Grass,1,15.4,6
Washington DNR Pilot Project,Orion 2,POST,12-Oct-16,18,2,Grass,1,10,5.9
Washington DNR Pilot Project,Orion 2,POST,12-Oct-16,18,2,Forbs/Herbaceous,1,7,5.8
Washington DNR Pilot Project,Orion 2,POST,12-Oct-16,18,2,Grass,1,215.9,45.6
Washington DNR Pilot Project,Paradise 90,PRE,17-Aug-16,1,1,Forbs/Herbaceous,1,11.59,6.7
Washington DNR Pilot Project,Paradise 90,PRE,17-Aug-16,1,1,Shrubs,1,104.79,45.3
Washington DNR Pilot Project,Paradise 90,PRE,17-Aug-16,1,1,Grass,1,28.9,6.92
Washington DNR Pilot Project,Paradise 90,PRE,17-Aug-16,2,1,Grass,1,84.89,45.73
Washington DNR Pilot Project,Paradise 90,PRE,17-Aug-16,2,1,Shrubs,1,84.4,46.02
Washington DNR Pilot Project,Paradise 90,PRE,17-Aug-16,2,1,Shrubs,1,79.68,45.66
Washington DNR Pilot Project,Paradise 90,PRE,17-Aug-16,2,1,Shrubs,1,88.02,46.02
Washington DNR Pilot Project,Paradise 90,PRE,17-Aug-16,2,1,Forbs/Herbaceous,2,57.01,45.91
Washington DNR Pilot Project,Paradise 90,PRE,17-Aug-16,3,1,Grass,1,11.78,6.67
Washington DNR Pilot Project,Paradise 90,PRE,17-Aug-16,3,1,Shrubs,1,31.4,6.63
Washington DNR Pilot Project,Paradise 90,PRE,17-Aug-16,3,1,Shrubs,1,65.83,45.7
Washington DNR Pilot Project,Paradise 90,PRE,17-Aug-16,4,1,Forbs/Herbaceous,1,9.56,6.73
Washington DNR Pilot Project,Paradise 90,PRE,17-Aug-16,4,1,Shrubs,1,176.73,45.81
Washington DNR Pilot Project,Paradise 90,PRE,17-Aug-16,4,1,Grass,1,26.38,6.83
Washington DNR Pilot Project,Paradise 90,PRE,17-Aug-16,5,1,Shrubs,1,28.19,6.67
Washington DNR Pilot Project,Paradise 90,PRE,17-Aug-16,5,1,Shrubs,1,110.53,46.43
Washington DNR Pilot Project,Paradise 90,PRE,17-Aug-16,5,1,Grass,1,7.48,6.7
Washington DNR Pilot Project,Paradise 90,PRE,17-Aug-16,6,1,Shrubs,1,175.22,45.78
Washington DNR Pilot Project,Paradise 90,PRE,17-Aug-16,6,1,Forbs/Herbaceous,1,8.23,6.76
Washington DNR Pilot Project,Paradise 90,PRE,17-Aug-16,6,1,Shrubs,1,99.56,45.88
Washington DNR Pilot Project,Paradise 90,PRE,17-Aug-16,6,1,Grass,1,14.14,6.84
Washington DNR Pilot Project,Paradise 90,PRE,17-Aug-16,7,1,Shrubs,1,137.1,45.81
Washington DNR Pilot Project,Paradise 90,PRE,17-Aug-16,7,1,Shrubs,1,112.53,45.22
Washington DNR Pilot Project,Paradise 90,PRE,17-Aug-16,7,1,Grass,1,26.31,6.78
Washington DNR Pilot Project,Paradise 90,PRE,17-Aug-16,7,1,Forbs/Herbaceous,1,8.27,6.79
Washington DNR Pilot Project,Paradise 90,PRE,17-Aug-16,7,1,Shrubs,1,197.74,45.68
Washington DNR Pilot Project,Paradise 90,PRE,17-Aug-16,8,1,Shrubs,1,92.17,45.42
Washington DNR Pilot Project,Paradise 90,PRE,17-Aug-16,8,1,Grass,1,15.99,6.75
Washington DNR Pilot Project,Paradise 90,PRE,17-Aug-16,8,1,Forbs/Herbaceous,1,10.86,6.69
Washington DNR Pilot Project,Paradise 90,PRE,17-Aug-16,8,1,Shrubs,1,72.18,45.52
Washington DNR Pilot Project,Paradise 90,PRE,17-Aug-16,8,1,Grass,1,31.47,6.77
Washington DNR Pilot Project,Paradise 90,PRE,17-Aug-16,9,1,Shrubs,1,106.92,46.1
Washington DNR Pilot Project,Paradise 90,PRE,17-Aug-16,9,1,Shrubs,1,94.78,45.44
Washington DNR Pilot Project,Paradise 90,PRE,17-Aug-16,9,1,Grass,1,16.79,6.79
Washington DNR Pilot Project,Paradise 90,PRE,17-Aug-16,9,1,Forbs/Herbaceous,1,57.1,45.03
Washington DNR Pilot Project,Paradise 90,PRE,17-Aug-16,10,1,Shrubs,1,152.71,46.14
Washington DNR Pilot Project,Paradise 90,PRE,17-Aug-16,10,1,Grass,1,12.05,6.8
Washington DNR Pilot Project,Paradise 90,PRE,17-Aug-16,10,1,Shrubs,1,150.52,45.54
Washington DNR Pilot Project,Paradise 90,PRE,17-Aug-16,10,1,Shrubs,1,148.24,46.04
Washington DNR Pilot Project,Paradise 90,PRE,17-Aug-16,10,1,Forbs/Herbaceous,1,14.55,6.78
Washington DNR Pilot Project,Paradise 90,PRE,17-Aug-16,11,1,Grass,1,50.84,46.32
Washington DNR Pilot Project,Paradise 90,PRE,17-Aug-16,11,1,Shrubs,1,162.39,45.51
Washington DNR Pilot Project,Paradise 90,PRE,17-Aug-16,11,1,Forbs/Herbaceous,1,53.35,46.12
Washington DNR Pilot Project,Paradise 90,PRE,17-Aug-16,11,1,Shrubs,1,240.84,46.26
Washington DNR Pilot Project,Paradise 90,PRE,17-Aug-16,12,1,Shrubs,1,166.71,45.23
Washington DNR Pilot Project,Paradise 90,PRE,17-Aug-16,13,1,Forbs/Herbaceous,1,53.34,46.08
Washington DNR Pilot Project,Paradise 90,PRE,17-Aug-16,13,1,Shrubs,1,184.84,46.26
Washington DNR Pilot Project,Paradise 90,PRE,17-Aug-16,13,1,Shrubs,1,113.46,46.15
Washington DNR Pilot Project,Paradise 90,PRE,17-Aug-16,13,1,Grass,1,8.98,6.76
Washington DNR Pilot Project,Paradise 90,PRE,17-Aug-16,13,1,Shrubs,1,113.71,46.4
Washington DNR Pilot Project,Paradise 90,PRE,17-Aug-16,14,1,Grass,1,57.51,6.75
Washington DNR Pilot Project,Paradise 90,PRE,17-Aug-16,14,1,Grass,1,26.91,6.75
Washington DNR Pilot Project,Paradise 90,PRE,17-Aug-16,14,1,Forbs/Herbaceous,1,10.62,6.83
Washington DNR Pilot Project,Paradise 90,PRE,17-Aug-16,14,1,Shrubs,1,118.9,45.97
Washington DNR Pilot Project,Paradise 90,PRE,17-Aug-16,14,1,Shrubs,1,107.6,46.24
Washington DNR Pilot Project,Paradise 90,PRE,17-Aug-16,15,1,Grass,1,69.45,46.91
Washington DNR Pilot Project,Paradise 90,PRE,17-Aug-16,15,1,Forbs/Herbaceous,1,13.72,6.79
Washington DNR Pilot Project,Paradise 90,PRE,17-Aug-16,15,1,Shrubs,1,122.2,45.69
Washington DNR Pilot Project,Paradise 90,PRE,17-Aug-16,15,1,Shrubs,1,130.75,46.23
Washington DNR Pilot Project,Paradise 90,PRE,17-Aug-16,15,1,Shrubs,1,74.86,45.85
Washington DNR Pilot Project,Paradise 90,PRE,17-Aug-16,16,1,Shrubs,1,18.79,6.94
Washington DNR Pilot Project,Paradise 90,PRE,17-Aug-16,16,1,Shrubs,1,32.1,6.65
Washington DNR Pilot Project,Paradise 90,PRE,17-Aug-16,16,1,Shrubs,1,47.33,6.85
Washington DNR Pilot Project,Paradise 90,PRE,17-Aug-16,16,1,Shrubs,1,32.92,6.77
Washington DNR Pilot Project,Paradise 90,PRE,17-Aug-16,16,1,Shrubs,1,28.38,6.72
Washington DNR Pilot Project,Paradise 90,PRE,17-Aug-16,16,1,Shrubs,1,302.94,45.55
Washington DNR Pilot Project,Paradise 90,PRE,17-Aug-16,16,1,Grass,1,13.21,6.75
Washington DNR Pilot Project,Paradise 90,PRE,17-Aug-16,16,1,Grass,1,8.9,6.77
Washington DNR Pilot Project,Paradise 90,PRE,17-Aug-16,17,1,Shrubs,1,98.21,45.42
Washington DNR Pilot Project,Paradise 90,PRE,17-Aug-16,17,1,Shrubs,1,89.54,45.69
Washington DNR Pilot Project,Paradise 90,PRE,17-Aug-16,17,1,Shrubs,1,208.87,45.65
Washington DNR Pilot Project,Paradise 90,PRE,17-Aug-16,17,1,Forbs/Herbaceous,1,9.5,6.81
Washington DNR Pilot Project,Paradise 90,PRE,17-Aug-16,18,1,Shrubs,1,183.53,45.6
Washington DNR Pilot Project,Paradise 90,PRE,17-Aug-16,18,1,Forbs/Herbaceous,1,41.32,6.67
Washington DNR Pilot Project,Paradise 90,PRE,17-Aug-16,18,1,Grass,1,88.8,45.73
Washington DNR Pilot Project,Paradise 90,PRE,17-Aug-16,19,1,Shrubs,1,225.04,45.85
Washington DNR Pilot Project,Paradise 90,PRE,17-Aug-16,19,1,Grass,1,59.81,45.37
Washington DNR Pilot Project,Paradise 90,PRE,17-Aug-16,19,1,Forbs/Herbaceous,1,27.06,6.78
Washington DNR Pilot Project,Paradise 90,PRE,17-Aug-16,20,1,Forbs/Herbaceous,1,10.44,6.75
Washington DNR Pilot Project,Paradise 90,PRE,17-Aug-16,20,1,Forbs/Herbaceous,1,14.26,6.64
Washington DNR Pilot Project,Paradise 90,PRE,17-Aug-16,20,1,Shrubs,1,143.57,45.8
Washington DNR Pilot Project,Paradise 90,PRE,17-Aug-16,20,1,Shrubs,1,90.48,45.41
Washington DNR Pilot Project,Paradise 90,PRE,17-Aug-16,20,1,Grass,1,17.26,6.72
Washington DNR Pilot Project,Paradise 90,PRE,17-Aug-16,20,1,Shrubs,1,270.05,45.63
Washington DNR Pilot Project,Paradise 90,POST,31-Oct-16,1,1,Shrubs,1,102.6,47.1
Washington DNR Pilot Project,Paradise 90,POST,31-Oct-16,2,1,Shrubs,1,11.1,5.9
Washington DNR Pilot Project,Paradise 90,POST,31-Oct-16,3,1,Shrubs,1,22.1,6
Washington DNR Pilot Project,Paradise 90,POST,31-Oct-16,4,1,Forbs/Herbaceous,1,5.7,5.4
Washington DNR Pilot Project,Paradise 90,POST,31-Oct-16,5,1,Shrubs,1,50.9,7.2
Washington DNR Pilot Project,Paradise 90,POST,31-Oct-16,6,1,Shrubs,1,79.5,45.3
Washington DNR Pilot Project,Paradise 90,POST,31-Oct-16,7,1,Shrubs,1,105.7,47.2
Washington DNR Pilot Project,Paradise 90,POST,31-Oct-16,8,1,Shrubs,1,105.8,47.2
Washington DNR Pilot Project,Paradise 90,POST,31-Oct-16,8,1,Forbs/Herbaceous,1,7.1,6.9
Washington DNR Pilot Project,Paradise 90,POST,31-Oct-16,9,1,Shrubs,1,18.6,7.3
Washington DNR Pilot Project,Paradise 90,POST,31-Oct-16,9,1,Forbs/Herbaceous,1,30.2,28.9
Washington DNR Pilot Project,Paradise 90,POST,31-Oct-16,9,1,Grass,1,147.6,46.7
Washington DNR Pilot Project,Paradise 90,POST,31-Oct-16,9,1,Grass,1,49.5,46.5
Washington DNR Pilot Project,Paradise 90,POST,31-Oct-16,9,1,Shrubs,1,166.1,46.3
Washington DNR Pilot Project,Paradise 90,POST,31-Oct-16,10,1,Grass,1,54.7,46.6
Washington DNR Pilot Project,Paradise 90,POST,31-Oct-16,10,1,Shrubs,1,347.2,45.7
Washington DNR Pilot Project,Paradise 90,POST,31-Oct-16,11,1,Shrubs,1,321.1,26.3
Washington DNR Pilot Project,Paradise 90,POST,31-Oct-16,11,1,Grass,1,8.2,6.2
Washington DNR Pilot Project,Paradise 90,POST,31-Oct-16,12,1,Shrubs,1,74,47
Washington DNR Pilot Project,Paradise 90,POST,31-Oct-16,13,1,Shrubs,1,227,42.3
Washington DNR Pilot Project,Paradise 90,POST,31-Oct-16,13,1,Forbs/Herbaceous,1,11.5,5.6
Washington DNR Pilot Project,Paradise 90,POST,31-Oct-16,13,1,Shrubs,1,205.9,42.3
Washington DNR Pilot Project,Paradise 90,POST,31-Oct-16,13,1,Grass,1,8.4,5.9
Washington DNR Pilot Project,Paradise 90,POST,31-Oct-16,13,1,Shrubs,1,559.1,42.3
Washington DNR Pilot Project,Paradise 90,POST,31-Oct-16,14,1,Grass,1,70.1,54.4
Washington DNR Pilot Project,Paradise 90,POST,31-Oct-16,14,1,Forbs/Herbaceous,1,6.8,6
Washington DNR Pilot Project,Paradise 90,POST,31-Oct-16,14,1,Shrubs,1,218,47.4
Washington DNR Pilot Project,Paradise 90,POST,31-Oct-16,15,1,Forbs/Herbaceous,1,21.6,21.4
Washington DNR Pilot Project,Paradise 90,POST,31-Oct-16,15,1,Grass,1,56.2,42.6
Washington DNR Pilot Project,Paradise 90,POST,31-Oct-16,15,1,Shrubs,1,87.1,46.9
Washington DNR Pilot Project,Paradise 90,POST,31-Oct-16,16,1,Shrubs,1,128.4,47.4
Washington DNR Pilot Project,Paradise 90,POST,31-Oct-16,16,1,Forbs/Herbaceous,1,7.8,6
Washington DNR Pilot Project,Paradise 90,POST,31-Oct-16,17,1,Shrubs,1,217.6,47.3
Washington DNR Pilot Project,Paradise 90,POST,31-Oct-16,17,1,Grass,1,6.9,6
Washington DNR Pilot Project,Paradise 90,POST,31-Oct-16,17,1,Forbs/Herbaceous,1,12.5,6.2
Washington DNR Pilot Project,Paradise 90,POST,31-Oct-16,18,1,Shrubs,1,87.7,45.1
Washington DNR Pilot Project,Paradise 90,POST,31-Oct-16,18,1,Shrubs,1,248,42.7
Washington DNR Pilot Project,Paradise 90,POST,31-Oct-16,18,1,Grass,1,110.6,50.3
Washington DNR Pilot Project,Paradise 90,POST,31-Oct-16,18,1,Forbs/Herbaceous,1,70.1,53.4
Washington DNR Pilot Project,Paradise 90,POST,31-Oct-16,19,1,Grass,1,18.5,4.8
Washington DNR Pilot Project,Paradise 90,POST,31-Oct-16,19,1,Forbs/Herbaceous,1,43.6,26.4
Washington DNR Pilot Project,Paradise 90,POST,31-Oct-16,19,1,Shrubs,1,250.4,46.4
Washington DNR Pilot Project,Paradise 90,POST,31-Oct-16,19,1,Grass,1,94.4,54
Washington DNR Pilot Project,Paradise 90,POST,31-Oct-16,19,1,Shrubs,1,102.7,48.3
Washington DNR Pilot Project,Paradise 90,POST,31-Oct-16,20,1,Shrubs,1,239.8,47
Washington DNR Pilot Project,Paradise 90,POST,31-Oct-16,20,1,Shrubs,1,199.1,97.1
Washington DNR Pilot Project,Paradise 90,POST,31-Oct-16,20,1,Shrubs,1,75.8,56
Washington DNR Pilot Project,Paradise 90,POST,31-Oct-16,20,1,Shrubs,1,183.7,54
Washington DNR Pilot Project,Paradise 90,POST,31-Oct-16,20,1,Shrubs,1,208.1,47.1
Washington DNR Pilot Project,Sherman Creek,PRE,22-Aug-16,1,1,Grass,1,70.65,52.24
Washington DNR Pilot Project,Sherman Creek,PRE,22-Aug-16,1,1,Forbs/Herbaceous,1,71.33,52.17
Washington DNR Pilot Project,Sherman Creek,PRE,22-Aug-16,2,1,Shrubs,1,99.12,41.15
Washington DNR Pilot Project,Sherman Creek,PRE,22-Aug-16,2,1,Grass,1,71.44,41.35
Washington DNR Pilot Project,Sherman Creek,PRE,22-Aug-16,2,1,Forbs/Herbaceous,1,10.85,6.7
Washington DNR Pilot Project,Sherman Creek,PRE,22-Aug-16,3,1,Grass,1,20.84,6.68
Washington DNR Pilot Project,Sherman Creek,PRE,22-Aug-16,3,1,Forbs/Herbaceous,1,58.29,41.43
Washington DNR Pilot Project,Sherman Creek,PRE,22-Aug-16,4,1,Grass,1,94.95,41.81
Washington DNR Pilot Project,Sherman Creek,PRE,22-Aug-16,4,1,Forbs/Herbaceous,1,14.56,6.56
Washington DNR Pilot Project,Sherman Creek,PRE,22-Aug-16,5,1,Grass,1,125.37,45.59
Washington DNR Pilot Project,Sherman Creek,PRE,22-Aug-16,5,1,Forbs/Herbaceous,1,10.29,6.89
Washington DNR Pilot Project,Sherman Creek,PRE,22-Aug-16,5,1,Shrubs,1,9.76,6.77
Washington DNR Pilot Project,Sherman Creek,PRE,22-Aug-16,6,1,Forbs/Herbaceous,1,12.15,6.77
Washington DNR Pilot Project,Sherman Creek,PRE,22-Aug-16,6,1,Grass,1,48.25,6.68
Washington DNR Pilot Project,Sherman Creek,PRE,22-Aug-16,6,1,Grass,1,41.61,6.62
Washington DNR Pilot Project,Sherman Creek,PRE,22-Aug-16,7,1,Grass,1,93.59,52.58
Washington DNR Pilot Project,Sherman Creek,PRE,22-Aug-16,7,1,Forbs/Herbaceous,1,12.14,7.28
Washington DNR Pilot Project,Sherman Creek,PRE,22-Aug-16,7,1,Shrubs,1,175.86,51.54
Washington DNR Pilot Project,Sherman Creek,PRE,22-Aug-16,8,1,Forbs/Herbaceous,1,10.51,6.65
Washington DNR Pilot Project,Sherman Creek,PRE,22-Aug-16,8,1,Grass,1,12.42,6.92
Washington DNR Pilot Project,Sherman Creek,PRE,22-Aug-16,9,1,Grass,1,87.71,51.72
Washington DNR Pilot Project,Sherman Creek,PRE,22-Aug-16,9,1,Shrubs,1,95.81,52.41
Washington DNR Pilot Project,Sherman Creek,PRE,22-Aug-16,9,1,Forbs/Herbaceous,1,19.09,6.8
Washington DNR Pilot Project,Sherman Creek,PRE,22-Aug-16,10,1,Shrubs,1,93.51,41.29
Washington DNR Pilot Project,Sherman Creek,PRE,22-Aug-16,10,1,Grass,1,87.78,41.52
Washington DNR Pilot Project,Sherman Creek,PRE,22-Aug-16,11,1,Grass,1,33.78,7.33
Washington DNR Pilot Project,Sherman Creek,PRE,22-Aug-16,11,1,Forbs/Herbaceous,1,73.9,52.3
Washington DNR Pilot Project,Sherman Creek,PRE,22-Aug-16,11,1,Shrubs,1,92.87,52.53
Washington DNR Pilot Project,Sherman Creek,PRE,22-Aug-16,12,1,Grass,1,158.38,52.16
Washington DNR Pilot Project,Sherman Creek,PRE,22-Aug-16,12,1,Forbs/Herbaceous,1,14.51,6.71
Washington DNR Pilot Project,Sherman Creek,PRE,22-Aug-16,13,1,Shrubs,1,28.55,6.62
Washington DNR Pilot Project,Sherman Creek,PRE,22-Aug-16,13,1,Forbs/Herbaceous,1,11.09,6.8
Washington DNR Pilot Project,Sherman Creek,PRE,22-Aug-16,13,1,Grass,1,174.96,52.43
Washington DNR Pilot Project,Sherman Creek,PRE,22-Aug-16,14,1,Forbs/Herbaceous,1,18.64,6.79
Washington DNR Pilot Project,Sherman Creek,PRE,22-Aug-16,14,1,Grass,1,139.37,53.62
Washington DNR Pilot Project,Sherman Creek,PRE,22-Aug-16,15,1,Grass,1,146.31,53.42
Washington DNR Pilot Project,Sherman Creek,PRE,22-Aug-16,15,1,Forbs/Herbaceous,1,11.71,6.71
Washington DNR Pilot Project,Sherman Creek,PRE,22-Aug-16,16,1,Grass,1,86.86,53.64
Washington DNR Pilot Project,Sherman Creek,PRE,22-Aug-16,16,1,Shrubs,1,65.29,53.26
Washington DNR Pilot Project,Sherman Creek,PRE,22-Aug-16,16,1,Forbs/Herbaceous,1,12.14,6.72
Washington DNR Pilot Project,Sherman Creek,PRE,22-Aug-16,17,1,Grass,1,123.56,53.92
Washington DNR Pilot Project,Sherman Creek,PRE,22-Aug-16,18,1,Shrubs,1,69.26,52.18
Washington DNR Pilot Project,Sherman Creek,PRE,22-Aug-16,18,1,Grass,1,92.81,52.42
Washington DNR Pilot Project,Sherman Creek,PRE,22-Aug-16,19,1,Shrubs,1,8.12,7.2
Washington DNR Pilot Project,Sherman Creek,PRE,22-Aug-16,19,1,Grass,1,139.29,52.53
Washington DNR Pilot Project,Sherman Creek,PRE,22-Aug-16,19,1,Forbs/Herbaceous,1,93.83,45.75
Washington DNR Pilot Project,Sherman Creek,PRE,22-Aug-16,20,1,Shrubs,1,8.97,7.27
Washington DNR Pilot Project,Sherman Creek,PRE,22-Aug-16,20,1,Forbs/Herbaceous,1,68.98,53.66
Washington DNR Pilot Project,Sherman Creek,PRE,22-Aug-16,20,1,Grass,1,104.58,52.92
Washington DNR Pilot Project,Sherman Creek,POST,25-May-17,1,1,Grass,1,26.43,5.93
Washington DNR Pilot Project,Sherman Creek,POST,25-May-17,1,1,Forbs/Herbaceous,1,13.95,5.89
Washington DNR Pilot Project,Sherman Creek,POST,25-May-17,2,1,Grass,1,26.54,6.85
Washington DNR Pilot Project,Sherman Creek,POST,25-May-17,2,1,Shrubs,1,96.35,46.18
Washington DNR Pilot Project,Sherman Creek,POST,25-May-17,3,1,Grass,1,10.24,6.94
Washington DNR Pilot Project,Sherman Creek,POST,25-May-17,3,1,Shrubs,1,8.85,7.04
Washington DNR Pilot Project,Sherman Creek,POST,25-May-17,4,1,Grass,1,10.05,5.87
Washington DNR Pilot Project,Sherman Creek,POST,25-May-17,4,1,Forbs/Herbaceous,1,6.72,5.92
Washington DNR Pilot Project,Sherman Creek,POST,25-May-17,4,1,Shrubs,1,13.19,5.88
Washington DNR Pilot Project,Sherman Creek,POST,25-May-17,5,1,Grass,1,8.27,7.03
Washington DNR Pilot Project,Sherman Creek,POST,25-May-17,5,1,Shrubs,1,11.51,6.92
Washington DNR Pilot Project,Sherman Creek,POST,25-May-17,5,1,Forbs/Herbaceous,1,9.26,6.85
Washington DNR Pilot Project,Sherman Creek,POST,25-May-17,6,1,Shrubs,1,8.6,5.87
Washington DNR Pilot Project,Sherman Creek,POST,25-May-17,6,1,Grass,1,8.36,5.93
Washington DNR Pilot Project,Sherman Creek,POST,25-May-17,8,1,Grass,1,8.7,6.85
Washington DNR Pilot Project,Sherman Creek,POST,25-May-17,9,1,Shrubs,1,8.65,6.7
Washington DNR Pilot Project,Sherman Creek,POST,25-May-17,10,1,Grass,1,116.95,45.83
Washington DNR Pilot Project,Sherman Creek,POST,25-May-17,10,1,Forbs/Herbaceous,1,86.74,46.35
Washington DNR Pilot Project,Sherman Creek,POST,25-May-17,10,1,Shrubs,1,7.76,6.9
Washington DNR Pilot Project,Sherman Creek,POST,25-May-17,11,1,Shrubs,1,19.67,5.86
Washington DNR Pilot Project,Sherman Creek,POST,25-May-17,12,1,Forbs/Herbaceous,1,40.11,5.95
Washington DNR Pilot Project,Sherman Creek,POST,25-May-17,12,1,Grass,1,81.27,53.15
Washington DNR Pilot Project,Sherman Creek,POST,25-May-17,13,1,Forbs/Herbaceous,1,8.59,6.94
Washington DNR Pilot Project,Sherman Creek,POST,25-May-17,13,1,Grass,1,12.49,7.08
Washington DNR Pilot Project,Sherman Creek,POST,25-May-17,14,1,Grass,1,36.3,6.98
Washington DNR Pilot Project,Sherman Creek,POST,25-May-17,14,1,Forbs/Herbaceous,1,95.01,46.34
Washington DNR Pilot Project,Sherman Creek,POST,25-May-17,15,1,Grass,1,33.02,5.92
Washington DNR Pilot Project,Sherman Creek,POST,25-May-17,15,1,Forbs/Herbaceous,1,16.57,5.97
Washington DNR Pilot Project,Sherman Creek,POST,25-May-17,15,1,Shrubs,1,9.53,5.88
Washington DNR Pilot Project,Sherman Creek,POST,25-May-17,16,1,Grass,1,39.71,5.86
Washington DNR Pilot Project,Sherman Creek,POST,25-May-17,16,1,Shrubs,1,10.82,5.88
Washington DNR Pilot Project,Sherman Creek,POST,25-May-17,16,1,Forbs/Herbaceous,1,16.47,5.88
Washington DNR Pilot Project,Sherman Creek,POST,25-May-17,17,1,Shrubs,1,6.21,5.8
Washington DNR Pilot Project,Sherman Creek,POST,25-May-17,17,1,Grass,1,115.08,53.88
Washington DNR Pilot Project,Sherman Creek,POST,25-May-17,18,1,Forbs/Herbaceous,1,15.06,5.93
Washington DNR Pilot Project,Sherman Creek,POST,25-May-17,18,1,Grass,1,33.28,5.92
Washington DNR Pilot Project,Sherman Creek,POST,25-May-17,18,1,Shrubs,1,9.57,5.95
Washington DNR Pilot Project,Sherman Creek,POST,25-May-17,19,1,Shrubs,1,73.52,41.25
Washington DNR Pilot Project,Sherman Creek,POST,25-May-17,19,1,Forbs/Herbaceous,1,15.24,6.95
Washington DNR Pilot Project,Sherman Creek,POST,25-May-17,20,1,Grass,1,118.42,46.31
Washington DNR Pilot Project,Sherman Creek,POST,25-May-17,20,1,Shrubs,1,61.91,46.02
Washington DNR Pilot Project,Sherman Creek,POST,25-May-17,20,1,Forbs/Herbaceous,1,70.41,45.89
Washington DNR Pilot Project,8 Mile Bottom,PRE,11-Sep-16,1,2,Forbs/Herbaceous,1,26.6,7
Washington DNR Pilot Project,8 Mile Bottom,PRE,11-Sep-16,1,2,Grass,1,31.2,7
Washington DNR Pilot Project,8 Mile Bottom,PRE,11-Sep-16,1,2,Grass,1,16.1,7
Washington DNR Pilot Project,8 Mile Bottom,PRE,11-Sep-16,1,2,Forbs/Herbaceous,1,27.5,7.1
Washington DNR Pilot Project,8 Mile Bottom,PRE,11-Sep-16,1,2,Shrubs,1,65,46.1
Washington DNR Pilot Project,8 Mile Bottom,PRE,11-Sep-16,1,2,Shrubs,1,145.3,46.3
Washington DNR Pilot Project,8 Mile Bottom,PRE,11-Sep-16,2,2,Forbs/Herbaceous,1,10.4,7
Washington DNR Pilot Project,8 Mile Bottom,PRE,11-Sep-16,2,2,Shrubs,1,322.5,46.1
Washington DNR Pilot Project,8 Mile Bottom,PRE,11-Sep-16,2,2,Grass,1,15.4,7.1
Washington DNR Pilot Project,8 Mile Bottom,PRE,11-Sep-16,2,2,Forbs/Herbaceous,1,39.6,7
Washington DNR Pilot Project,8 Mile Bottom,PRE,11-Sep-16,2,2,Shrubs,1,176.8,46.4
Washington DNR Pilot Project,8 Mile Bottom,PRE,11-Sep-16,3,2,Grass,1,34.2,9.8
Washington DNR Pilot Project,8 Mile Bottom,PRE,11-Sep-16,3,2,Forbs/Herbaceous,1,27.6,9.8
Washington DNR Pilot Project,8 Mile Bottom,PRE,11-Sep-16,3,2,Shrubs,1,303.7,46.2
Washington DNR Pilot Project,8 Mile Bottom,PRE,11-Sep-16,3,2,Shrubs,1,310.3,45.7
Washington DNR Pilot Project,8 Mile Bottom,PRE,11-Sep-16,4,2,Shrubs,1,295,46.7
Washington DNR Pilot Project,8 Mile Bottom,PRE,11-Sep-16,4,2,Shrubs,1,144,46.5
Washington DNR Pilot Project,8 Mile Bottom,PRE,11-Sep-16,4,2,Forbs/Herbaceous,1,21,9.8
Washington DNR Pilot Project,8 Mile Bottom,PRE,11-Sep-16,4,2,Grass,1,44.7,9.8
Washington DNR Pilot Project,8 Mile Bottom,PRE,11-Sep-16,4,2,Shrubs,1,201.9,46.3
Washington DNR Pilot Project,8 Mile Bottom,PRE,11-Sep-16,5,2,Shrubs,1,126.4,46.7
Washington DNR Pilot Project,8 Mile Bottom,PRE,11-Sep-16,5,2,Forbs/Herbaceous,1,16.8,7.2
Washington DNR Pilot Project,8 Mile Bottom,PRE,11-Sep-16,5,2,Grass,1,17.9,6.9
Washington DNR Pilot Project,8 Mile Bottom,PRE,11-Sep-16,6,2,Shrubs,1,231.7,46.3
Washington DNR Pilot Project,8 Mile Bottom,PRE,11-Sep-16,6,2,Grass,1,36.3,7.1
Washington DNR Pilot Project,8 Mile Bottom,PRE,11-Sep-16,6,2,Forbs/Herbaceous,1,20.7,7.1
Washington DNR Pilot Project,8 Mile Bottom,PRE,11-Sep-16,6,2,Shrubs,1,296.2,46.9
Washington DNR Pilot Project,8 Mile Bottom,PRE,11-Sep-16,7,2,Grass,1,11.2,7.1
Washington DNR Pilot Project,8 Mile Bottom,PRE,11-Sep-16,7,2,Shrubs,1,41.7,10
Washington DNR Pilot Project,8 Mile Bottom,PRE,11-Sep-16,7,2,Shrubs,1,205,46.6
Washington DNR Pilot Project,8 Mile Bottom,PRE,11-Sep-16,7,2,Shrubs,1,254.4,45.9
Washington DNR Pilot Project,8 Mile Bottom,PRE,11-Sep-16,7,2,Shrubs,1,204.1,46.2
Washington DNR Pilot Project,8 Mile Bottom,PRE,11-Sep-16,7,2,Shrubs,1,235.4,46.3
Washington DNR Pilot Project,8 Mile Bottom,PRE,11-Sep-16,7,2,Forbs/Herbaceous,1,16.7,10
Washington DNR Pilot Project,8 Mile Bottom,PRE,11-Sep-16,8,2,Grass,1,22.4,6.8
Washington DNR Pilot Project,8 Mile Bottom,PRE,11-Sep-16,8,2,Shrubs,1,22.6,6.7
Washington DNR Pilot Project,8 Mile Bottom,PRE,11-Sep-16,8,2,Forbs/Herbaceous,1,11,7
Washington DNR Pilot Project,8 Mile Bottom,PRE,11-Sep-16,9,2,Shrubs,1,21.2,9.9
Washington DNR Pilot Project,8 Mile Bottom,PRE,11-Sep-16,9,2,Grass,1,18.8,9.8
Washington DNR Pilot Project,8 Mile Bottom,PRE,11-Sep-16,9,2,Forbs/Herbaceous,1,13.7,9.8
Washington DNR Pilot Project,8 Mile Bottom,PRE,11-Sep-16,9,2,Grass,1,38.5,6.9
Washington DNR Pilot Project,8 Mile Bottom,PRE,11-Sep-16,10,2,Grass,1,26.6,10.1
Washington DNR Pilot Project,8 Mile Bottom,PRE,11-Sep-16,10,2,Shrubs,1,33.2,10
Washington DNR Pilot Project,8 Mile Bottom,PRE,11-Sep-16,10,2,Forbs/Herbaceous,1,31.9,10
Washington DNR Pilot Project,8 Mile Bottom,PRE,11-Sep-16,11,2,Grass,1,47.2,9.6
Washington DNR Pilot Project,8 Mile Bottom,PRE,11-Sep-16,11,2,Grass,1,17.1,9.8
Washington DNR Pilot Project,8 Mile Bottom,PRE,11-Sep-16,11,2,Shrubs,1,233.6,46.5
Washington DNR Pilot Project,8 Mile Bottom,PRE,11-Sep-16,12,2,Forbs/Herbaceous,1,36.7,9.9
Washington DNR Pilot Project,8 Mile Bottom,PRE,11-Sep-16,12,2,Shrubs,1,202.2,46.3
Washington DNR Pilot Project,8 Mile Bottom,PRE,11-Sep-16,12,2,Shrubs,1,166.6,46.6
Washington DNR Pilot Project,8 Mile Bottom,PRE,11-Sep-16,12,2,Grass,1,48.5,10
Washington DNR Pilot Project,8 Mile Bottom,PRE,11-Sep-16,13,2,Grass,1,13.4,10
Washington DNR Pilot Project,8 Mile Bottom,PRE,11-Sep-16,13,2,Shrubs,1,213.1,46.4
Washington DNR Pilot Project,8 Mile Bottom,PRE,11-Sep-16,13,2,Shrubs,1,218.3,46.6
Washington DNR Pilot Project,8 Mile Bottom,PRE,11-Sep-16,13,2,Forbs/Herbaceous,1,24,9.7
Washington DNR Pilot Project,8 Mile Bottom,PRE,11-Sep-16,14,2,Shrubs,1,269.2,46.6
Washington DNR Pilot Project,8 Mile Bottom,PRE,11-Sep-16,14,2,Shrubs,1,209.1,46.1
Washington DNR Pilot Project,8 Mile Bottom,PRE,11-Sep-16,14,2,Forbs/Herbaceous,1,27,9.9
Washington DNR Pilot Project,8 Mile Bottom,PRE,11-Sep-16,14,2,Grass,1,31.4,9.9
Washington DNR Pilot Project,8 Mile Bottom,PRE,11-Sep-16,15,2,Forbs/Herbaceous,1,13.4,6.9
Washington DNR Pilot Project,8 Mile Bottom,PRE,11-Sep-16,15,2,Grass,1,23.9,6.9
Washington DNR Pilot Project,8 Mile Bottom,PRE,11-Sep-16,15,2,Shrubs,1,34.5,9.8
Washington DNR Pilot Project,8 Mile Bottom,PRE,11-Sep-16,16,2,Grass,1,16.1,6.8
Washington DNR Pilot Project,8 Mile Bottom,PRE,11-Sep-16,16,2,Grass,1,45.5,6.9
Washington DNR Pilot Project,8 Mile Bottom,PRE,11-Sep-16,16,2,Forbs/Herbaceous,1,26.1,7.1
Washington DNR Pilot Project,8 Mile Bottom,PRE,11-Sep-16,16,2,Shrubs,1,268.4,45.8
Washington DNR Pilot Project,8 Mile Bottom,PRE,11-Sep-16,17,2,Forbs/Herbaceous,1,14.3,7.1
Washington DNR Pilot Project,8 Mile Bottom,PRE,11-Sep-16,17,2,Shrubs,1,305.8,46
Washington DNR Pilot Project,8 Mile Bottom,PRE,11-Sep-16,17,2,Grass,1,20.5,7
Washington DNR Pilot Project,8 Mile Bottom,PRE,11-Sep-16,18,2,Grass,1,13.7,7
Washington DNR Pilot Project,8 Mile Bottom,PRE,11-Sep-16,18,2,Shrubs,1,227.5,46.2
Washington DNR Pilot Project,8 Mile Bottom,PRE,11-Sep-16,19,2,Grass,1,10.8,6.9
Washington DNR Pilot Project,8 Mile Bottom,PRE,11-Sep-16,19,2,Forbs/Herbaceous,1,16.4,6.7
Washington DNR Pilot Project,8 Mile Bottom,PRE,11-Sep-16,19,2,Shrubs,1,126.1,45.9
Washington DNR Pilot Project,8 Mile Bottom,PRE,11-Sep-16,19,2,Shrubs,1,39,7
Washington DNR Pilot Project,8 Mile Bottom,PRE,11-Sep-16,20,2,Shrubs,1,264.5,45.9
Washington DNR Pilot Project,8 Mile Bottom,PRE,11-Sep-16,20,2,Forbs/Herbaceous,1,7.8,6.8
Washington DNR Pilot Project,Canteen,PRE,7-Aug-16,1,1,Grass,1,13.8,7.1
Washington DNR Pilot Project,Canteen,PRE,7-Aug-16,1,1,Grass,1,97.3,46.3
Washington DNR Pilot Project,Canteen,PRE,7-Aug-16,2,1,Shrubs,1,45.7,43.9
Washington DNR Pilot Project,Canteen,PRE,7-Aug-16,2,1,Grass,1,151.5,43.6
Washington DNR Pilot Project,Canteen,PRE,7-Aug-16,2,1,Forbs/Herbaceous,1,51.8,44.3
Washington DNR Pilot Project,Canteen,PRE,7-Aug-16,3,1,Grass,1,57.6,44.1
Washington DNR Pilot Project,Canteen,PRE,7-Aug-16,3,1,Forbs/Herbaceous,1,68.9,44.4
Washington DNR Pilot Project,Canteen,PRE,7-Aug-16,4,1,Grass,1,62.6,44
Washington DNR Pilot Project,Canteen,PRE,7-Aug-16,4,1,Forbs/Herbaceous,1,221.9,44.2
Washington DNR Pilot Project,Canteen,PRE,7-Aug-16,4,1,Forbs/Herbaceous,1,83.9,44.5
Washington DNR Pilot Project,Canteen,PRE,7-Aug-16,5,1,Grass,1,7.6,7.1
Washington DNR Pilot Project,Canteen,PRE,7-Aug-16,5,1,Forbs/Herbaceous,1,44.1,44.1
Washington DNR Pilot Project,Canteen,PRE,7-Aug-16,5,1,Shrubs,1,239.5,43.8
Washington DNR Pilot Project,Canteen,PRE,7-Aug-16,5,1,Shrubs,1,184.6,44.1
Washington DNR Pilot Project,Canteen,PRE,7-Aug-16,6,1,Forbs/Herbaceous,1,105.4,45.5
Washington DNR Pilot Project,Canteen,PRE,7-Aug-16,6,1,Grass,1,201.7,44.8
Washington DNR Pilot Project,Canteen,PRE,7-Aug-16,7,1,Shrubs,1,7.8,7.1
Washington DNR Pilot Project,Canteen,PRE,7-Aug-16,7,1,Shrubs,1,75.6,45.5
Washington DNR Pilot Project,Canteen,PRE,7-Aug-16,7,1,Forbs/Herbaceous,1,60.6,43.4
Washington DNR Pilot Project,Canteen,PRE,7-Aug-16,8,1,Shrubs,1,225.4,45.7
Washington DNR Pilot Project,Canteen,PRE,7-Aug-16,8,1,Grass,1,54.1,7.1
Washington DNR Pilot Project,Canteen,PRE,7-Aug-16,8,1,Grass,1,19.7,7.1
Washington DNR Pilot Project,Canteen,PRE,7-Aug-16,8,1,Shrubs,1,247.9,45
Washington DNR Pilot Project,Canteen,PRE,7-Aug-16,8,1,Forbs/Herbaceous,1,192.7,45.8
Washington DNR Pilot Project,Canteen,PRE,7-Aug-16,9,1,Forbs/Herbaceous,1,17.7,7.1
Washington DNR Pilot Project,Canteen,PRE,7-Aug-16,9,1,Grass,1,37.7,7.1
Washington DNR Pilot Project,Canteen,PRE,7-Aug-16,10,1,Grass,1,55.5,45
Washington DNR Pilot Project,Canteen,PRE,7-Aug-16,10,1,Forbs/Herbaceous,1,76.8,45.4
Washington DNR Pilot Project,Canteen,PRE,7-Aug-16,11,1,Grass,1,38.4,7.1
Washington DNR Pilot Project,Canteen,PRE,7-Aug-16,11,1,Forbs/Herbaceous,1,9,7.1
Washington DNR Pilot Project,Canteen,PRE,7-Aug-16,12,1,Grass,1,270.7,45.1
Washington DNR Pilot Project,Canteen,PRE,7-Aug-16,12,1,Forbs/Herbaceous,1,9.4,7.1
Washington DNR Pilot Project,Canteen,PRE,7-Aug-16,13,1,Forbs/Herbaceous,1,91.9,45.6
Washington DNR Pilot Project,Canteen,PRE,7-Aug-16,13,1,Grass,1,143.5,44.9
Washington DNR Pilot Project,Canteen,PRE,7-Aug-16,14,1,Grass,1,45.4,7.1
Washington DNR Pilot Project,Canteen,PRE,7-Aug-16,14,1,Forbs/Herbaceous,1,49.4,7.1
Washington DNR Pilot Project,Canteen,PRE,7-Aug-16,15,1,Forbs/Herbaceous,1,78.1,45.4
Washington DNR Pilot Project,Canteen,PRE,7-Aug-16,15,1,Grass,1,11.8,7.1
Washington DNR Pilot Project,Canteen,PRE,7-Aug-16,15,1,Forbs/Herbaceous,1,19.5,7.1
Washington DNR Pilot Project,Canteen,PRE,7-Aug-16,16,1,Forbs/Herbaceous,1,37.6,7.1
Washington DNR Pilot Project,Canteen,PRE,7-Aug-16,16,1,Grass,1,24.6,7.1
Washington DNR Pilot Project,Canteen,PRE,7-Aug-16,17,1,Forbs/Herbaceous,1,113.1,45.9
Washington DNR Pilot Project,Canteen,PRE,7-Aug-16,17,1,Grass,1,322.8,45.8
Washington DNR Pilot Project,Canteen,PRE,7-Aug-16,18,1,Forbs/Herbaceous,1,22.4,7.1
Washington DNR Pilot Project,Canteen,PRE,7-Aug-16,18,1,Grass,1,223.9,45.9
Washington DNR Pilot Project,Canteen,PRE,7-Aug-16,18,1,Grass,1,11.1,7.1
Washington DNR Pilot Project,Canteen,PRE,7-Aug-16,19,1,Forbs/Herbaceous,1,21.2,7.1
Washington DNR Pilot Project,Canteen,PRE,7-Aug-16,19,1,Grass,1,23.4,7.1
Washington DNR Pilot Project,Canteen,PRE,7-Aug-16,19,1,Forbs/Herbaceous,1,29.5,7.1
Washington DNR Pilot Project,Canteen,PRE,7-Aug-16,20,1,Grass,1,40.8,7.1
Washington DNR Pilot Project,Canteen,PRE,7-Aug-16,20,1,Forbs/Herbaceous,1,28,7.1
Washington DNR Pilot Project,Goat,PRE,9-Sep-16,1,1,Grass,1,63.3,10
Washington DNR Pilot Project,Goat,PRE,9-Sep-16,2,1,Grass,1,32,9.9
Washington DNR Pilot Project,Goat,PRE,9-Sep-16,2,1,Grass,1,91.7,44.3
Washington DNR Pilot Project,Goat,PRE,9-Sep-16,2,1,Shrubs,1,11.3,10
Washington DNR Pilot Project,Goat,PRE,9-Sep-16,2,1,Forbs/Herbaceous,1,11.1,10
Washington DNR Pilot Project,Goat,PRE,9-Sep-16,3,1,Forbs/Herbaceous,1,8.4,6.8
Washington DNR Pilot Project,Goat,PRE,9-Sep-16,3,1,Shrubs,1,13,9.8
Washington DNR Pilot Project,Goat,PRE,9-Sep-16,3,1,Grass,1,159,46.2
Washington DNR Pilot Project,Goat,PRE,9-Sep-16,4,1,Grass,1,82.9,9.9
Washington DNR Pilot Project,Goat,PRE,9-Sep-16,5,1,Grass,1,98.8,44.3
Washington DNR Pilot Project,Goat,PRE,9-Sep-16,6,1,Grass,1,23,9.8
Washington DNR Pilot Project,Goat,PRE,9-Sep-16,6,1,Grass,1,16.3,7
Washington DNR Pilot Project,Goat,PRE,9-Sep-16,6,1,Forbs/Herbaceous,1,13,9.8
Washington DNR Pilot Project,Goat,PRE,9-Sep-16,6,1,Shrubs,1,31.1,10
Washington DNR Pilot Project,Goat,PRE,9-Sep-16,7,1,Grass,1,51.2,10
Washington DNR Pilot Project,Goat,PRE,9-Sep-16,8,1,Grass,1,12.6,7
Washington DNR Pilot Project,Goat,PRE,9-Sep-16,8,1,Grass,1,16.7,7.1
Washington DNR Pilot Project,Goat,PRE,9-Sep-16,8,1,Forbs/Herbaceous,1,20.5,10
Washington DNR Pilot Project,Goat,PRE,9-Sep-16,9,1,Grass,1,106.1,10.1
Washington DNR Pilot Project,Goat,PRE,9-Sep-16,10,1,Grass,1,27.8,10
Washington DNR Pilot Project,Goat,PRE,9-Sep-16,11,1,Grass,1,20,7.2
Washington DNR Pilot Project,Goat,PRE,9-Sep-16,11,1,Forbs/Herbaceous,1,9.3,7.2
Washington DNR Pilot Project,Goat,PRE,9-Sep-16,12,1,Grass,1,138.3,43.9
Washington DNR Pilot Project,Goat,PRE,9-Sep-16,13,1,Shrubs,1,12.3,9.8
Washington DNR Pilot Project,Goat,PRE,9-Sep-16,13,1,Grass,1,30.4,9.7
Washington DNR Pilot Project,Goat,PRE,9-Sep-16,13,1,Forbs/Herbaceous,1,11.7,9.8
Washington DNR Pilot Project,Goat,PRE,9-Sep-16,14,1,Forbs/Herbaceous,1,12.1,9.7
Washington DNR Pilot Project,Goat,PRE,9-Sep-16,14,1,Grass,1,21.7,9.6
Washington DNR Pilot Project,Goat,PRE,9-Sep-16,14,1,Shrubs,1,16.3,9.8
Washington DNR Pilot Project,Goat,PRE,9-Sep-16,15,1,Grass,1,35.6,9.8
Washington DNR Pilot Project,Goat,PRE,9-Sep-16,16,1,Grass,1,70.7,9.8
Washington DNR Pilot Project,Goat,PRE,9-Sep-16,16,1,Shrubs,1,11.4,9.9
Washington DNR Pilot Project,Goat,PRE,9-Sep-16,17,1,Forbs/Herbaceous,1,74.8,46
Washington DNR Pilot Project,Goat,PRE,9-Sep-16,17,1,Grass,1,26.7,10
Washington DNR Pilot Project,Goat,PRE,9-Sep-16,18,1,Grass,1,30.7,7.3
Washington DNR Pilot Project,Goat,PRE,9-Sep-16,18,1,Forbs/Herbaceous,1,17.5,7.2
Washington DNR Pilot Project,Goat,PRE,9-Sep-16,18,1,Forbs/Herbaceous,1,33.5,7.3
Washington DNR Pilot Project,Goat,PRE,9-Sep-16,19,1,Grass,1,14.6,7.2
Washington DNR Pilot Project,Goat,PRE,9-Sep-16,19,1,Grass,1,17.5,7.3
Washington DNR Pilot Project,Goat,PRE,9-Sep-16,20,1,Forbs/Herbaceous,1,9.8,7.1
Washington DNR Pilot Project,Goat,PRE,9-Sep-16,20,1,Grass,1,37.6,7
Washington DNR Pilot Project,Hanlon,PRE,21-Aug-16,2,1,Forbs/Herbaceous,1,10.34,7.14
Washington DNR Pilot Project,Hanlon,PRE,21-Aug-16,2,1,Grass,1,11.93,7.3
Washington DNR Pilot Project,Hanlon,PRE,21-Aug-16,2,1,Shrubs,1,96.36,45
Washington DNR Pilot Project,Hanlon,PRE,21-Aug-16,3,1,Forbs/Herbaceous,1,8.93,6.74
Washington DNR Pilot Project,Hanlon,PRE,21-Aug-16,3,1,Grass,1,10.14,6.75
Washington DNR Pilot Project,Hanlon,PRE,21-Aug-16,4,1,Shrubs,1,164.94,41.45
Washington DNR Pilot Project,Hanlon,PRE,21-Aug-16,5,1,Forbs/Herbaceous,1,13.1,10.6
Washington DNR Pilot Project,Hanlon,PRE,21-Aug-16,5,1,Grass,1,12.01,10.62
Washington DNR Pilot Project,Hanlon,PRE,21-Aug-16,5,1,Shrubs,1,283.23,53.79
Washington DNR Pilot Project,Hanlon,PRE,21-Aug-16,6,1,Grass,1,10.29,6.93
Washington DNR Pilot Project,Hanlon,PRE,21-Aug-16,6,1,Forbs/Herbaceous,1,9.25,6.94
Washington DNR Pilot Project,Hanlon,PRE,21-Aug-16,6,1,Shrubs,1,70.11,44.6
Washington DNR Pilot Project,Hanlon,PRE,21-Aug-16,7,1,Forbs/Herbaceous,1,7.84,6.77
Washington DNR Pilot Project,Hanlon,PRE,21-Aug-16,7,1,Shrubs,1,85.56,53.72
Washington DNR Pilot Project,Hanlon,PRE,21-Aug-16,7,1,Grass,1,8.46,7.19
Washington DNR Pilot Project,Hanlon,PRE,21-Aug-16,7,1,Shrubs,1,15.14,6.72
Washington DNR Pilot Project,Hanlon,PRE,21-Aug-16,8,1,Forbs/Herbaceous,1,11.13,7.19
Washington DNR Pilot Project,Hanlon,PRE,21-Aug-16,8,1,Grass,1,8.78,6.66
Washington DNR Pilot Project,Hanlon,PRE,21-Aug-16,8,1,Shrubs,1,127.96,53.69
Washington DNR Pilot Project,Hanlon,PRE,21-Aug-16,9,1,Shrubs,1,219.91,53.72
Washington DNR Pilot Project,Hanlon,PRE,21-Aug-16,9,1,Forbs/Herbaceous,1,10.47,6.84
Washington DNR Pilot Project,Hanlon,PRE,21-Aug-16,9,1,Shrubs,1,265.35,54.21
Washington DNR Pilot Project,Hanlon,PRE,21-Aug-16,9,1,Grass,1,23.54,6.97
Washington DNR Pilot Project,Hanlon,PRE,21-Aug-16,10,1,Grass,1,8.07,6.77
Washington DNR Pilot Project,Hanlon,PRE,21-Aug-16,10,1,Shrubs,1,613.29,53.7
Washington DNR Pilot Project,Hanlon,PRE,21-Aug-16,10,1,Shrubs,1,440.43,53.12
Washington DNR Pilot Project,Hanlon,PRE,21-Aug-16,10,1,Forbs/Herbaceous,1,17.59,6.83
Washington DNR Pilot Project,Hanlon,PRE,21-Aug-16,11,1,Shrubs,1,81.24,54.08
Washington DNR Pilot Project,Hanlon,PRE,21-Aug-16,12,1,Shrubs,1,102.98,52.82
Washington DNR Pilot Project,Hanlon,PRE,21-Aug-16,13,1,Forbs/Herbaceous,1,7.5,6.98
Washington DNR Pilot Project,Hanlon,PRE,21-Aug-16,13,1,Grass,1,9.9,7.01
Washington DNR Pilot Project,Hanlon,PRE,21-Aug-16,13,1,Shrubs,1,120.28,52.35
Washington DNR Pilot Project,Hanlon,PRE,21-Aug-16,13,1,Shrubs,1,289.25,52.49
Washington DNR Pilot Project,Hanlon,PRE,21-Aug-16,14,1,Forbs/Herbaceous,1,9.05,6.96
Washington DNR Pilot Project,Hanlon,PRE,21-Aug-16,14,1,Grass,1,84.12,54.34
Washington DNR Pilot Project,Hanlon,PRE,21-Aug-16,14,1,Shrubs,1,195.94,54.13
Washington DNR Pilot Project,Hanlon,PRE,21-Aug-16,15,1,Forbs/Herbaceous,1,8.51,6.54
Washington DNR Pilot Project,Hanlon,PRE,21-Aug-16,15,1,Grass,1,17.12,10.82
Washington DNR Pilot Project,Hanlon,PRE,21-Aug-16,16,1,Forbs/Herbaceous,1,8.44,7.11
Washington DNR Pilot Project,Hanlon,PRE,21-Aug-16,16,1,Shrubs,1,23.24,6.78
Washington DNR Pilot Project,Hanlon,PRE,21-Aug-16,16,1,Shrubs,1,152.85,45.77
Washington DNR Pilot Project,Hanlon,PRE,21-Aug-16,16,1,Grass,1,13.9,6.71
Washington DNR Pilot Project,Hanlon,PRE,21-Aug-16,17,1,Grass,1,13.57,6.75
Washington DNR Pilot Project,Hanlon,PRE,21-Aug-16,17,1,Shrubs,1,282.13,46.03
Washington DNR Pilot Project,Hanlon,PRE,21-Aug-16,17,1,Shrubs,1,12.82,6.71
Washington DNR Pilot Project,Hanlon,PRE,21-Aug-16,18,1,Forbs/Herbaceous,1,8.26,6.77
Washington DNR Pilot Project,Hanlon,PRE,21-Aug-16,18,1,Grass,1,18.74,6.84
Washington DNR Pilot Project,Hanlon,PRE,21-Aug-16,19,1,Forbs/Herbaceous,1,12.57,6.95
Washington DNR Pilot Project,Hanlon,PRE,21-Aug-16,19,1,Shrubs,1,178.73,45.42
Washington DNR Pilot Project,Hanlon,PRE,21-Aug-16,19,1,Shrubs,1,143.56,46.29
Washington DNR Pilot Project,Hanlon,PRE,21-Aug-16,20,1,Shrubs,1,126.03,45.72
Washington DNR Pilot Project,Hanlon,PRE,21-Aug-16,20,1,Grass,1,12.85,7.15
Washington DNR Pilot Project,Hanlon,POST,18-Oct-16,1,1,Grass,1,13.8,6.1
Washington DNR Pilot Project,Hanlon,POST,18-Oct-16,1,1,Shrubs,1,81.1,47.7
Washington DNR Pilot Project,Hanlon,POST,18-Oct-16,1,1,Forbs/Herbaceous,1,7.7,6
Washington DNR Pilot Project,Hanlon,POST,18-Oct-16,2,1,Shrubs,1,15.4,6.7
Washington DNR Pilot Project,Hanlon,POST,18-Oct-16,3,1,Shrubs,1,77.3,53.8
Washington DNR Pilot Project,Hanlon,POST,18-Oct-16,3,1,Grass,1,55.3,45.1
Washington DNR Pilot Project,Hanlon,POST,18-Oct-16,4,1,Forbs/Herbaceous,1,10.3,6.1
Washington DNR Pilot Project,Hanlon,POST,18-Oct-16,4,1,Grass,1,10.3,6
Washington DNR Pilot Project,Hanlon,POST,18-Oct-16,5,1,Grass,1,50,46.4
Washington DNR Pilot Project,Hanlon,POST,18-Oct-16,5,1,Forbs/Herbaceous,1,62.4,59.9
Washington DNR Pilot Project,Hanlon,POST,18-Oct-16,5,1,Shrubs,1,771.5,94.1
Washington DNR Pilot Project,Hanlon,POST,18-Oct-16,6,1,Forbs/Herbaceous,1,53,47.5
Washington DNR Pilot Project,Hanlon,POST,18-Oct-16,6,1,Shrubs,1,255.5,47.6
Washington DNR Pilot Project,Hanlon,POST,18-Oct-16,6,1,Grass,1,7.5,6.1
Washington DNR Pilot Project,Hanlon,POST,18-Oct-16,6,1,Shrubs,2,165.2,47.5
Washington DNR Pilot Project,Hanlon,POST,18-Oct-16,7,1,Grass,1,43.8,42.5
Washington DNR Pilot Project,Hanlon,POST,18-Oct-16,7,1,Shrubs,1,95.6,47.7
Washington DNR Pilot Project,Hanlon,POST,18-Oct-16,8,1,Grass,1,62.2,47.5
Washington DNR Pilot Project,Hanlon,POST,18-Oct-16,8,1,Forbs/Herbaceous,1,64.5,63
Washington DNR Pilot Project,Hanlon,POST,18-Oct-16,8,1,Shrubs,1,449.4,47.7
Washington DNR Pilot Project,Hanlon,POST,18-Oct-16,9,1,Grass,1,82.6,49.4
Washington DNR Pilot Project,Hanlon,POST,18-Oct-16,9,1,Forbs/Herbaceous,1,67.2,61.1
Washington DNR Pilot Project,Hanlon,POST,18-Oct-16,9,1,Shrubs,1,513.8,47.5
Washington DNR Pilot Project,Hanlon,POST,18-Oct-16,10,1,Grass,1,68,61.5
Washington DNR Pilot Project,Hanlon,POST,18-Oct-16,10,1,Shrubs,1,140.9,47.5
Washington DNR Pilot Project,Hanlon,POST,18-Oct-16,10,1,Forbs/Herbaceous,1,56.3,55.2
Washington DNR Pilot Project,Hanlon,POST,18-Oct-16,11,1,Shrubs,1,150.4,47.5
Washington DNR Pilot Project,Hanlon,POST,18-Oct-16,11,1,Grass,1,21.1,20.9
Washington DNR Pilot Project,Hanlon,POST,18-Oct-16,11,1,Forbs/Herbaceous,1,19.8,19.5
Washington DNR Pilot Project,Hanlon,POST,18-Oct-16,12,1,Shrubs,1,61.8,54.8
Washington DNR Pilot Project,Hanlon,POST,18-Oct-16,13,1,Grass,1,48.5,47.9
Washington DNR Pilot Project,Hanlon,POST,18-Oct-16,13,1,Shrubs,1,137.2,47.5
Washington DNR Pilot Project,Hanlon,POST,18-Oct-16,14,1,Shrubs,1,70.3,48.2
Washington DNR Pilot Project,Hanlon,POST,18-Oct-16,15,1,Forbs/Herbaceous,1,62.5,60.3
Washington DNR Pilot Project,Hanlon,POST,18-Oct-16,15,1,Grass,1,87.6,64.2
Washington DNR Pilot Project,Hanlon,POST,18-Oct-16,15,1,Shrubs,1,237.7,47.3
Washington DNR Pilot Project,Hanlon,POST,18-Oct-16,16,1,Shrubs,1,28.8,25.4
Washington DNR Pilot Project,Hanlon,POST,18-Oct-16,16,1,Grass,1,70.6,61.8
Washington DNR Pilot Project,Hanlon,POST,18-Oct-16,16,1,Forbs/Herbaceous,1,21.7,20
Washington DNR Pilot Project,Hanlon,POST,18-Oct-16,17,1,Shrubs,1,89.6,24.5
Washington DNR Pilot Project,Hanlon,POST,18-Oct-16,17,1,Grass,1,57.3,51.1
Washington DNR Pilot Project,Hanlon,POST,18-Oct-16,17,1,Forbs/Herbaceous,1,17.6,17.4
Washington DNR Pilot Project,Hanlon,POST,18-Oct-16,18,1,Forbs/Herbaceous,1,22.1,21.2
Washington DNR Pilot Project,Hanlon,POST,18-Oct-16,18,1,Grass,1,51.4,46.9
Washington DNR Pilot Project,Hanlon,POST,18-Oct-16,18,1,Grass,1,88.2,21.7
Washington DNR Pilot Project,Hanlon,POST,18-Oct-16,18,1,Shrubs,1,93.2,60.6
Washington DNR Pilot Project,Hanlon,POST,18-Oct-16,18,1,Shrubs,1,144.1,46.3
Washington DNR Pilot Project,Hanlon,POST,18-Oct-16,19,1,Grass,1,49.4,45.7
Washington DNR Pilot Project,Hanlon,POST,18-Oct-16,19,1,Shrubs,1,91.9,26.3
Washington DNR Pilot Project,Hanlon,POST,18-Oct-16,20,1,Shrubs,1,71.7,43
Washington DNR Pilot Project,Natapoc 35,PRE,6-Oct-16,1,2,Forbs/Herbaceous,1,8.5,7.1
Washington DNR Pilot Project,Natapoc 35,PRE,6-Oct-16,1,2,Shrubs,1,46.3,7.1
Washington DNR Pilot Project,Natapoc 35,PRE,6-Oct-16,2,2,Forbs/Herbaceous,1,18.2,7.1
Washington DNR Pilot Project,Natapoc 35,PRE,6-Oct-16,2,2,Shrubs,1,195.7,45.3
Washington DNR Pilot Project,Natapoc 35,PRE,6-Oct-16,2,2,Grass,1,9.1,7
Washington DNR Pilot Project,Natapoc 35,PRE,6-Oct-16,3,2,Forbs/Herbaceous,1,65.5,47.5
Washington DNR Pilot Project,Natapoc 35,PRE,6-Oct-16,3,2,Grass,1,99,46
Washington DNR Pilot Project,Natapoc 35,PRE,6-Oct-16,3,2,Shrubs,1,247.4,46.5
Washington DNR Pilot Project,Natapoc 35,PRE,6-Oct-16,4,2,Shrubs,1,165.4,39.8
Washington DNR Pilot Project,Natapoc 35,PRE,6-Oct-16,4,2,Grass,1,16.2,6.2
Washington DNR Pilot Project,Natapoc 35,PRE,6-Oct-16,4,2,Forbs/Herbaceous,1,109.9,45.7
Washington DNR Pilot Project,Natapoc 35,PRE,6-Oct-16,4,2,Grass,1,8.2,6
Washington DNR Pilot Project,Natapoc 35,PRE,6-Oct-16,4,2,Shrubs,1,137.9,46.7
Washington DNR Pilot Project,Natapoc 35,PRE,6-Oct-16,4,2,Forbs/Herbaceous,1,111,45.9
Washington DNR Pilot Project,Natapoc 35,PRE,6-Oct-16,5,2,Grass,1,14.2,6.5
Washington DNR Pilot Project,Natapoc 35,PRE,6-Oct-16,5,2,Shrubs,1,247.2,47.9
Washington DNR Pilot Project,Natapoc 35,PRE,6-Oct-16,5,2,Forbs/Herbaceous,1,48.5,21.4
Washington DNR Pilot Project,Natapoc 35,PRE,6-Oct-16,5,2,Shrubs,1,288.6,46.8
Washington DNR Pilot Project,Natapoc 35,PRE,6-Oct-16,6,2,Forbs/Herbaceous,1,21.6,5.9
Washington DNR Pilot Project,Natapoc 35,PRE,6-Oct-16,6,2,Shrubs,1,96.4,49.4
Washington DNR Pilot Project,Natapoc 35,PRE,6-Oct-16,7,2,Grass,1,7.8,6.4
Washington DNR Pilot Project,Natapoc 35,PRE,6-Oct-16,7,2,Shrubs,1,86,42.3
Washington DNR Pilot Project,Natapoc 35,PRE,6-Oct-16,7,2,Forbs/Herbaceous,1,80,40.5
Washington DNR Pilot Project,Natapoc 35,PRE,6-Oct-16,10,2,Shrubs,1,227.1,40.7
Washington DNR Pilot Project,Natapoc 35,PRE,6-Oct-16,10,2,Forbs/Herbaceous,1,228.7,43.5
Washington DNR Pilot Project,Natapoc 35,PRE,6-Oct-16,10,2,Grass,1,171.4,42.6
Washington DNR Pilot Project,Natapoc 35,PRE,6-Oct-16,11,2,Shrubs,1,509.9,41.4
Washington DNR Pilot Project,Natapoc 35,PRE,6-Oct-16,11,2,Forbs/Herbaceous,1,210,41.5
Washington DNR Pilot Project,Natapoc 35,PRE,6-Oct-16,12,2,Forbs/Herbaceous,1,8.9,6
Washington DNR Pilot Project,Natapoc 35,PRE,6-Oct-16,12,2,Shrubs,1,89.1,46.8
Washington DNR Pilot Project,Natapoc 35,PRE,6-Oct-16,13,2,Forbs/Herbaceous,1,224.9,40.8
Washington DNR Pilot Project,Natapoc 35,PRE,6-Oct-16,13,2,Shrubs,1,44.9,22
Washington DNR Pilot Project,Natapoc 35,PRE,6-Oct-16,13,2,Grass,1,109.3,22.6
Washington DNR Pilot Project,Natapoc 35,PRE,6-Oct-16,14,2,Shrubs,1,96.8,40.8
Washington DNR Pilot Project,Natapoc 35,PRE,6-Oct-16,14,2,Forbs/Herbaceous,1,55.7,41.4
Washington DNR Pilot Project,Natapoc 35,PRE,6-Oct-16,15,2,Shrubs,1,298.6,44.6
Washington DNR Pilot Project,Natapoc 35,PRE,6-Oct-16,15,2,Grass,1,7,6.6
Washington DNR Pilot Project,Natapoc 35,PRE,6-Oct-16,15,2,Shrubs,1,492.2,50.6
Washington DNR Pilot Project,Natapoc 35,PRE,6-Oct-16,15,2,Shrubs,1,497.4,44.2
Washington DNR Pilot Project,Natapoc 35,PRE,6-Oct-16,15,2,Forbs/Herbaceous,1,171.7,44.8
Washington DNR Pilot Project,Natapoc 35,PRE,6-Oct-16,16,2,Forbs/Herbaceous,1,50.4,40.3
Washington DNR Pilot Project,Natapoc 35,PRE,6-Oct-16,16,2,Shrubs,1,247.7,43.5
Washington DNR Pilot Project,Natapoc 35,PRE,6-Oct-16,16,2,Shrubs,1,295.6,41.3
Washington DNR Pilot Project,Natapoc 35,PRE,6-Oct-16,17,2,Forbs/Herbaceous,1,230.6,46.3
Washington DNR Pilot Project,Natapoc 35,PRE,6-Oct-16,17,2,Shrubs,1,7.6,6
Washington DNR Pilot Project,Natapoc 35,PRE,6-Oct-16,18,2,Grass,1,9.9,5.8
Washington DNR Pilot Project,Natapoc 35,PRE,6-Oct-16,18,2,Forbs/Herbaceous,1,88.8,29.9
Washington DNR Pilot Project,Natapoc 35,PRE,6-Oct-16,18,2,Shrubs,1,109,46
Washington DNR Pilot Project,Natapoc 35,PRE,6-Oct-16,19,2,Grass,1,177.1,42
Washington DNR Pilot Project,Natapoc 35,PRE,6-Oct-16,19,2,Shrubs,1,261.9,45.9
Washington DNR Pilot Project,Natapoc 35,PRE,6-Oct-16,19,2,Shrubs,1,291.4,43.6
Washington DNR Pilot Project,Natapoc 35,PRE,6-Oct-16,19,2,Forbs/Herbaceous,1,14.4,5.6
Washington DNR Pilot Project,Natapoc 35,PRE,6-Oct-16,20,2,Shrubs,1,220.2,43.5
Washington DNR Pilot Project,Natapoc 35,PRE,6-Oct-16,20,2,Shrubs,1,117.8,43
Washington DNR Pilot Project,Natapoc 35,PRE,6-Oct-16,20,2,Forbs/Herbaceous,1,11,5.8
Washington DNR Pilot Project,Natapoc 35,PRE,6-Oct-16,20,2,Grass,1,34.9,6.8
Washington DNR Pilot Project,Oak Creek,PRE,2-Aug-16,1,1,Grass,1,7.3,7
Washington DNR Pilot Project,Oak Creek,PRE,2-Aug-16,1,1,Forbs/Herbaceous,1,8.7,7.1
Washington DNR Pilot Project,Oak Creek,PRE,2-Aug-16,2,1,Forbs/Herbaceous,1,19.4,7.1
Washington DNR Pilot Project,Oak Creek,PRE,2-Aug-16,2,1,Grass,1,112.4,45.5
Washington DNR Pilot Project,Oak Creek,PRE,2-Aug-16,3,1,Forbs/Herbaceous,1,47.9,45.8
Washington DNR Pilot Project,Oak Creek,PRE,2-Aug-16,3,1,Grass,1,54.6,45.7
Washington DNR Pilot Project,Oak Creek,PRE,2-Aug-16,4,1,Shrubs,1,49.7,45.8
Washington DNR Pilot Project,Oak Creek,PRE,2-Aug-16,4,1,Forbs/Herbaceous,1,50.8,46
Washington DNR Pilot Project,Oak Creek,PRE,2-Aug-16,5,1,Forbs/Herbaceous,1,9.8,7.1
Washington DNR Pilot Project,Oak Creek,PRE,2-Aug-16,5,1,Forbs/Herbaceous,1,8.8,7.1
Washington DNR Pilot Project,Oak Creek,PRE,2-Aug-16,5,1,Shrubs,1,75.8,45
Washington DNR Pilot Project,Oak Creek,PRE,2-Aug-16,5,1,Grass,1,8.4,7.1
Washington DNR Pilot Project,Oak Creek,PRE,2-Aug-16,6,1,Forbs/Herbaceous,1,51.1,45.6
Washington DNR Pilot Project,Oak Creek,PRE,2-Aug-16,6,1,Shrubs,1,29.4,7.1
Washington DNR Pilot Project,Oak Creek,PRE,2-Aug-16,6,1,Grass,1,26,7.1
Washington DNR Pilot Project,Oak Creek,PRE,2-Aug-16,7,1,Forbs/Herbaceous,1,10.8,7.1
Washington DNR Pilot Project,Oak Creek,PRE,2-Aug-16,7,1,Grass,1,96.6,45.5
Washington DNR Pilot Project,Oak Creek,PRE,2-Aug-16,8,1,Forbs/Herbaceous,1,33.9,7.1
Washington DNR Pilot Project,Oak Creek,PRE,2-Aug-16,8,1,Grass,1,36.5,7.1
Washington DNR Pilot Project,Oak Creek,PRE,2-Aug-16,8,1,Shrubs,5,90.1,0
Washington DNR Pilot Project,Oak Creek,PRE,2-Aug-16,9,1,Grass,1,13.9,7.1
Washington DNR Pilot Project,Oak Creek,PRE,2-Aug-16,9,1,Forbs/Herbaceous,1,89.1,45.7
Washington DNR Pilot Project,Oak Creek,PRE,2-Aug-16,9,1,Shrubs,1,22.2,7.1
Washington DNR Pilot Project,Oak Creek,PRE,2-Aug-16,10,1,Forbs/Herbaceous,1,22.2,7.1
Washington DNR Pilot Project,Oak Creek,PRE,2-Aug-16,10,1,Grass,1,29.3,7.1
Washington DNR Pilot Project,Oak Creek,PRE,2-Aug-16,11,1,Forbs/Herbaceous,1,13.8,7.1
Washington DNR Pilot Project,Oak Creek,PRE,2-Aug-16,11,1,Forbs/Herbaceous,1,49.3,45.4
Washington DNR Pilot Project,Oak Creek,PRE,2-Aug-16,11,1,Grass,1,22,7.1
Washington DNR Pilot Project,Oak Creek,PRE,2-Aug-16,11,1,Grass,1,62.4,46.1
Washington DNR Pilot Project,Oak Creek,PRE,2-Aug-16,12,1,Forbs/Herbaceous,1,47.6,45.8
Washington DNR Pilot Project,Oak Creek,PRE,2-Aug-16,12,1,Grass,1,121.4,45.2
Washington DNR Pilot Project,Oak Creek,PRE,2-Aug-16,13,1,Forbs/Herbaceous,1,78.7,45.9
Washington DNR Pilot Project,Oak Creek,PRE,2-Aug-16,13,1,Grass,1,111.2,45.8
Washington DNR Pilot Project,Oak Creek,PRE,2-Aug-16,14,1,Grass,1,75.1,44
Washington DNR Pilot Project,Oak Creek,PRE,2-Aug-16,14,1,Forbs/Herbaceous,1,53.5,43.7
Washington DNR Pilot Project,Oak Creek,PRE,2-Aug-16,15,1,Grass,1,13.3,7.1
Washington DNR Pilot Project,Oak Creek,PRE,2-Aug-16,15,1,Grass,1,85.5,45.8
Washington DNR Pilot Project,Oak Creek,PRE,2-Aug-16,15,1,Forbs/Herbaceous,1,7.2,7.1
Washington DNR Pilot Project,Oak Creek,PRE,2-Aug-16,15,1,Forbs/Herbaceous,1,61,46.8
Washington DNR Pilot Project,Oak Creek,PRE,2-Aug-16,16,1,Grass,1,61,45.5
Washington DNR Pilot Project,Oak Creek,PRE,2-Aug-16,16,1,Forbs/Herbaceous,1,82.6,45.7
Washington DNR Pilot Project,Oak Creek,PRE,2-Aug-16,17,1,Grass,1,81,44.2
Washington DNR Pilot Project,Oak Creek,PRE,2-Aug-16,17,1,Forbs/Herbaceous,1,22.3,7.1
Washington DNR Pilot Project,Oak Creek,PRE,2-Aug-16,17,1,Forbs/Herbaceous,1,73.6,44.5
Washington DNR Pilot Project,Oak Creek,PRE,2-Aug-16,17,1,Grass,1,102.1,38.7
Washington DNR Pilot Project,Oak Creek,PRE,2-Aug-16,18,1,Forbs/Herbaceous,1,65.7,43.6
Washington DNR Pilot Project,Oak Creek,PRE,2-Aug-16,18,1,Grass,1,63.3,43.7
Washington DNR Pilot Project,Oak Creek,PRE,2-Aug-16,19,1,Grass,1,51.8,43.5
Washington DNR Pilot Project,Oak Creek,PRE,2-Aug-16,19,1,Forbs/Herbaceous,1,20.1,7.1
Washington DNR Pilot Project,Oak Creek,PRE,2-Aug-16,20,1,Forbs/Herbaceous,1,101.5,45.8
Washington DNR Pilot Project,Oak Creek,PRE,2-Aug-16,20,1,Grass,1,30,7.1
Washington DNR Pilot Project,Oak Creek,PRE,2-Aug-16,20,1,Grass,1,18,7.1
Washington DNR Pilot Project,Oak Creek,PRE,2-Aug-16,20,1,Grass,1,17.3,7.1
Washington DNR Pilot Project,Upper Rendezvous 1,PRE,7-Sep-16,1,1,Shrubs,1,11.2,9.8
Washington DNR Pilot Project,Upper Rendezvous 1,PRE,7-Sep-16,1,1,Forbs/Herbaceous,1,11.4,9.8
Washington DNR Pilot Project,Upper Rendezvous 1,PRE,7-Sep-16,1,1,Grass,1,14.6,9.7
Washington DNR Pilot Project,Upper Rendezvous 1,PRE,7-Sep-16,2,1,Shrubs,1,87.5,44.9
Washington DNR Pilot Project,Upper Rendezvous 1,PRE,7-Sep-16,2,1,Forbs/Herbaceous,1,7.6,7.1
Washington DNR Pilot Project,Upper Rendezvous 1,PRE,7-Sep-16,2,1,Grass,1,8.9,7
Washington DNR Pilot Project,Upper Rendezvous 1,PRE,7-Sep-16,3,1,Forbs/Herbaceous,1,20.2,9.7
Washington DNR Pilot Project,Upper Rendezvous 1,PRE,7-Sep-16,3,1,Grass,1,33.7,9.8
Washington DNR Pilot Project,Upper Rendezvous 1,PRE,7-Sep-16,3,1,Shrubs,1,23.9,9.9
Washington DNR Pilot Project,Upper Rendezvous 1,PRE,7-Sep-16,4,1,Forbs/Herbaceous,1,13.9,10
Washington DNR Pilot Project,Upper Rendezvous 1,PRE,7-Sep-16,4,1,Grass,1,65.9,10
Washington DNR Pilot Project,Upper Rendezvous 1,PRE,7-Sep-16,5,1,Grass,1,23.1,9.8
Washington DNR Pilot Project,Upper Rendezvous 1,PRE,7-Sep-16,5,1,Shrubs,1,25.3,9.9
Washington DNR Pilot Project,Upper Rendezvous 1,PRE,7-Sep-16,6,1,Shrubs,1,126.4,44.5
Washington DNR Pilot Project,Upper Rendezvous 1,PRE,7-Sep-16,7,1,Shrubs,1,12.3,9.7
Washington DNR Pilot Project,Upper Rendezvous 1,PRE,7-Sep-16,7,1,Forbs/Herbaceous,1,16.6,9.9
Washington DNR Pilot Project,Upper Rendezvous 1,PRE,7-Sep-16,7,1,Grass,1,14.9,9.7
Washington DNR Pilot Project,Upper Rendezvous 1,PRE,7-Sep-16,8,1,Grass,1,27.3,9.8
Washington DNR Pilot Project,Upper Rendezvous 1,PRE,7-Sep-16,8,1,Grass,1,19.9,9.9
Washington DNR Pilot Project,Upper Rendezvous 1,PRE,7-Sep-16,8,1,Shrubs,1,70.8,46.2
Washington DNR Pilot Project,Upper Rendezvous 1,PRE,7-Sep-16,8,1,Forbs/Herbaceous,1,13.3,9.8
Washington DNR Pilot Project,Upper Rendezvous 1,PRE,7-Sep-16,9,1,Shrubs,1,21,9.8
Washington DNR Pilot Project,Upper Rendezvous 1,PRE,7-Sep-16,10,1,Grass,1,38.6,9.9
Washington DNR Pilot Project,Upper Rendezvous 1,PRE,7-Sep-16,10,1,Shrubs,1,205,44.3
Washington DNR Pilot Project,Upper Rendezvous 1,PRE,7-Sep-16,11,1,Forbs/Herbaceous,1,16.3,9.8
Washington DNR Pilot Project,Upper Rendezvous 1,PRE,7-Sep-16,11,1,Grass,1,16.3,9.8
Washington DNR Pilot Project,Upper Rendezvous 1,PRE,7-Sep-16,11,1,Shrubs,1,39.3,9.8
Washington DNR Pilot Project,Upper Rendezvous 1,PRE,7-Sep-16,12,1,Grass,1,19,10
Washington DNR Pilot Project,Upper Rendezvous 1,PRE,7-Sep-16,13,1,Shrubs,1,76.7,43.8
Washington DNR Pilot Project,Upper Rendezvous 1,PRE,7-Sep-16,13,1,Grass,1,10,7.1
Washington DNR Pilot Project,Upper Rendezvous 1,PRE,7-Sep-16,13,1,Forbs/Herbaceous,1,12.5,7.1
Washington DNR Pilot Project,Upper Rendezvous 1,PRE,7-Sep-16,14,1,Shrubs,1,171.4,47.3
Washington DNR Pilot Project,Upper Rendezvous 1,PRE,7-Sep-16,14,1,Grass,1,11.8,9.8
Washington DNR Pilot Project,Upper Rendezvous 1,PRE,7-Sep-16,15,1,Shrubs,1,78.1,44.3
Washington DNR Pilot Project,Upper Rendezvous 1,PRE,7-Sep-16,15,1,Grass,1,20.6,7.2
Washington DNR Pilot Project,Upper Rendezvous 1,PRE,7-Sep-16,16,1,Shrubs,1,15.1,10
Washington DNR Pilot Project,Upper Rendezvous 1,PRE,7-Sep-16,16,1,Grass,1,24,10
Washington DNR Pilot Project,Upper Rendezvous 1,PRE,7-Sep-16,17,1,Grass,1,10.8,7.1
Washington DNR Pilot Project,Upper Rendezvous 1,PRE,7-Sep-16,17,1,Shrubs,1,74.8,44.6
Washington DNR Pilot Project,Upper Rendezvous 1,PRE,7-Sep-16,18,1,Shrubs,1,15.4,9.7
Washington DNR Pilot Project,Upper Rendezvous 1,PRE,7-Sep-16,19,1,Shrubs,1,60.1,9.9
Washington DNR Pilot Project,Upper Rendezvous 1,PRE,7-Sep-16,20,1,Shrubs,1,92.3,44.3
Washington DNR Pilot Project,Vulcan,PRE,24-Aug-16,1,1,Grass,1,19.27,6.94
Washington DNR Pilot Project,Vulcan,PRE,24-Aug-16,1,1,Forbs/Herbaceous,1,15.49,6.9
Washington DNR Pilot Project,Vulcan,PRE,24-Aug-16,1,1,Grass,1,15.49,6.89
Washington DNR Pilot Project,Vulcan,PRE,24-Aug-16,1,1,Shrubs,1,171.24,52.59
Washington DNR Pilot Project,Vulcan,PRE,24-Aug-16,2,1,Forbs/Herbaceous,1,17.04,6.79
Washington DNR Pilot Project,Vulcan,PRE,24-Aug-16,2,1,Shrubs,1,146.19,45.65
Washington DNR Pilot Project,Vulcan,PRE,24-Aug-16,2,1,Grass,1,28.27,7.1
Washington DNR Pilot Project,Vulcan,PRE,24-Aug-16,2,1,Shrubs,1,62.68,7.19
Washington DNR Pilot Project,Vulcan,PRE,24-Aug-16,2,1,Shrubs,1,108.07,45.89
Washington DNR Pilot Project,Vulcan,PRE,24-Aug-16,3,1,Forbs/Herbaceous,1,39.29,7.07
Washington DNR Pilot Project,Vulcan,PRE,24-Aug-16,3,1,Shrubs,1,154.23,45.62
Washington DNR Pilot Project,Vulcan,PRE,24-Aug-16,3,1,Shrubs,1,247.91,53.28
Washington DNR Pilot Project,Vulcan,PRE,24-Aug-16,4,1,Grass,1,8.82,7.1
Washington DNR Pilot Project,Vulcan,PRE,24-Aug-16,4,1,Shrubs,1,203.92,52.5
Washington DNR Pilot Project,Vulcan,PRE,24-Aug-16,4,1,Shrubs,1,177.42,52.43
Washington DNR Pilot Project,Vulcan,PRE,24-Aug-16,4,1,Forbs/Herbaceous,1,12.62,54.03
Washington DNR Pilot Project,Vulcan,PRE,24-Aug-16,5,1,Shrubs,1,178.63,45.94
Washington DNR Pilot Project,Vulcan,PRE,24-Aug-16,6,1,Shrubs,1,179.64,45.55
Washington DNR Pilot Project,Vulcan,PRE,24-Aug-16,6,1,Forbs/Herbaceous,1,8.66,6.73
Washington DNR Pilot Project,Vulcan,PRE,24-Aug-16,6,1,Shrubs,1,114.22,52.5
Washington DNR Pilot Project,Vulcan,PRE,24-Aug-16,7,1,Shrubs,1,30.7,7.2
Washington DNR Pilot Project,Vulcan,PRE,24-Aug-16,7,1,Forbs/Herbaceous,1,23.4,10
Washington DNR Pilot Project,Vulcan,PRE,24-Aug-16,7,1,Grass,1,16,7.1
Washington DNR Pilot Project,Vulcan,PRE,24-Aug-16,7,1,Shrubs,1,218.3,46.2
Washington DNR Pilot Project,Vulcan,PRE,24-Aug-16,8,1,Grass,1,9.9,7
Washington DNR Pilot Project,Vulcan,PRE,24-Aug-16,8,1,Forbs/Herbaceous,1,20.4,10
Washington DNR Pilot Project,Vulcan,PRE,24-Aug-16,8,1,Shrubs,1,288.4,46.2
Washington DNR Pilot Project,Vulcan,PRE,24-Aug-16,9,1,Grass,1,17.1,6.9
Washington DNR Pilot Project,Vulcan,PRE,24-Aug-16,9,1,Forbs/Herbaceous,1,18,7
Washington DNR Pilot Project,Vulcan,PRE,24-Aug-16,9,1,Shrubs,1,153.7,45.8
Washington DNR Pilot Project,Vulcan,PRE,24-Aug-16,10,1,Forbs/Herbaceous,1,28.4,7
Washington DNR Pilot Project,Vulcan,PRE,24-Aug-16,10,1,Grass,1,20.8,6.9
Washington DNR Pilot Project,Vulcan,PRE,24-Aug-16,10,1,Shrubs,1,218.9,46.6
Washington DNR Pilot Project,Vulcan,PRE,24-Aug-16,11,1,Shrubs,1,112.2,46.9
Washington DNR Pilot Project,Vulcan,PRE,24-Aug-16,11,1,Forbs/Herbaceous,1,35.1,7
Washington DNR Pilot Project,Vulcan,PRE,24-Aug-16,11,1,Grass,1,20.3,6.8
Washington DNR Pilot Project,Vulcan,PRE,24-Aug-16,11,1,Grass,1,22.4,7.1
Washington DNR Pilot Project,Vulcan,PRE,24-Aug-16,12,1,Shrubs,1,233.9,46.9
Washington DNR Pilot Project,Vulcan,PRE,24-Aug-16,12,1,Grass,1,24.4,6.9
Washington DNR Pilot Project,Vulcan,PRE,24-Aug-16,12,1,Forbs/Herbaceous,1,9.3,6.8
Washington DNR Pilot Project,Vulcan,PRE,24-Aug-16,12,1,Forbs/Herbaceous,1,11.4,9.8
Washington DNR Pilot Project,Vulcan,PRE,24-Aug-16,13,1,Shrubs,1,218.5,46.6
Washington DNR Pilot Project,Vulcan,PRE,24-Aug-16,13,1,Forbs/Herbaceous,1,17.5,6.9
Washington DNR Pilot Project,Vulcan,PRE,24-Aug-16,13,1,Grass,1,10.8,6.9
Washington DNR Pilot Project,Vulcan,PRE,24-Aug-16,14,1,Shrubs,1,183.9,46.7
Washington DNR Pilot Project,Vulcan,PRE,24-Aug-16,14,1,Shrubs,1,240.8,46.3
Washington DNR Pilot Project,Vulcan,PRE,24-Aug-16,14,1,Grass,1,22.1,6.9
Washington DNR Pilot Project,Vulcan,PRE,24-Aug-16,14,1,Forbs/Herbaceous,1,25.7,6.9
Washington DNR Pilot Project,Vulcan,PRE,24-Aug-16,15,1,Grass,1,17.2,9.9
Washington DNR Pilot Project,Vulcan,PRE,24-Aug-16,15,1,Forbs/Herbaceous,1,20.4,6.9
Washington DNR Pilot Project,Vulcan,PRE,24-Aug-16,15,1,Shrubs,1,9.3,7
Washington DNR Pilot Project,Vulcan,PRE,24-Aug-16,16,1,Shrubs,1,230.4,46.6
Washington DNR Pilot Project,Vulcan,PRE,24-Aug-16,16,1,Grass,1,29.1,7.1
Washington DNR Pilot Project,Vulcan,PRE,24-Aug-16,16,1,Forbs/Herbaceous,1,19.1,7.1
Washington DNR Pilot Project,Vulcan,PRE,24-Aug-16,17,1,Grass,1,83.7,44.2
Washington DNR Pilot Project,Vulcan,PRE,24-Aug-16,17,1,Shrubs,1,146.3,44.5
Washington DNR Pilot Project,Vulcan,PRE,24-Aug-16,17,1,Shrubs,1,116.8,43.6
Washington DNR Pilot Project,Vulcan,PRE,24-Aug-16,17,1,Forbs/Herbaceous,1,16.7,7
Washington DNR Pilot Project,Vulcan,PRE,24-Aug-16,18,1,Grass,1,18,7
Washington DNR Pilot Project,Vulcan,PRE,24-Aug-16,18,1,Shrubs,1,279.8,46.7
Washington DNR Pilot Project,Vulcan,PRE,24-Aug-16,18,1,Forbs/Herbaceous,1,23.3,6.9
Washington DNR Pilot Project,Vulcan,PRE,24-Aug-16,18,1,Forbs/Herbaceous,1,15.9,6.9
Washington DNR Pilot Project,Vulcan,PRE,24-Aug-16,19,1,Grass,1,25.5,7.1
Washington DNR Pilot Project,Vulcan,PRE,24-Aug-16,19,1,Shrubs,1,107.7,46.6
Washington DNR Pilot Project,Vulcan,PRE,24-Aug-16,20,1,Grass,1,17,6.8
Washington DNR Pilot Project,Vulcan,PRE,24-Aug-16,20,1,Forbs/Herbaceous,1,20.8,7
Washington DNR Pilot Project,Vulcan,PRE,24-Aug-16,20,1,Shrubs,1,221.5,46.1
