projectName,unitName,epShort,samplingStartDate,SampleMaterial,sampleNo,depth_mm,grossWetWt_g,wetContWt_g,grossDryWt_g,dryContWt_g
Washington DNR Pilot Project,25 Mile,PRE,23-Sep-16,Downed Woody: 1000-hr,1,,3994.4,76.54,3416.67,165.87
Washington DNR Pilot Project,25 Mile,PRE,23-Sep-16,Downed Woody: 1000-hr,2,,226,30.76,179.78,33.24
Washington DNR Pilot Project,25 Mile,PRE,23-Sep-16,Downed Woody: 1000-hr,3,,1458.2,30.76,734.52,40.01
Washington DNR Pilot Project,25 Mile,PRE,23-Sep-16,Downed Woody: 1000-hr,4,,1327.2,31.1,205.48,118.42
Washington DNR Pilot Project,25 Mile,PRE,23-Sep-16,Downed Woody: 1000-hr,5,,2000,50.94,1086.92,80.88
Washington DNR Pilot Project,25 Mile,PRE,23-Sep-16,Downed Woody: 1000-hr,6,,2845.5,50.6,2232.58,246.08
Washington DNR Pilot Project,25 Mile,PRE,23-Sep-16,Downed Woody: 1000-hr,7,,553.6,31.1,376.75,58.97
Washington DNR Pilot Project,25 Mile,PRE,23-Sep-16,Downed Woody: 1000-hr,8,,852.9,31.1,648.52,40.59
Washington DNR Pilot Project,25 Mile,PRE,23-Sep-16,Downed Woody: 1000-hr,9,,778.3,31.1,478.73,40.6
Washington DNR Pilot Project,25 Mile,PRE,23-Sep-16,Downed Woody: 1000-hr,10,,1041.8,31.1,533.24,40.48
Washington DNR Pilot Project,25 Mile,PRE,23-Sep-16,Downed Woody: 1000-hr,11,,605.6,31.4,211.41,40.48
Washington DNR Pilot Project,25 Mile,PRE,23-Sep-16,Downed Woody: 1000-hr,12,,530.1,31.06,356.8,37.26
Washington DNR Pilot Project,25 Mile,PRE,23-Sep-16,Downed Woody: 1000-hr,13,,446.2,31.06,361.98,40.74
Washington DNR Pilot Project,25 Mile,PRE,23-Sep-16,Downed Woody: 1000-hr,14,,715.7,31.06,452.28,40.4
Washington DNR Pilot Project,25 Mile,PRE,23-Sep-16,Downed Woody: 1000-hr,15,,420.1,31.06,299.03,41.57
Washington DNR Pilot Project,25 Mile,PRE,23-Sep-16,Downed Woody: 1000-hr,16,,246.7,31.06,125.66,32.34
Washington DNR Pilot Project,25 Mile,PRE,23-Sep-16,Downed Woody: 1000-hr,17,,702.6,31.06,368.61,40.65
Washington DNR Pilot Project,25 Mile,PRE,23-Sep-16,Downed Woody: 1000-hr,18,,286,31.06,151.54,19.76
Washington DNR Pilot Project,25 Mile,PRE,23-Sep-16,Downed Woody: 1000-hr,19,,365.2,31.06,243.06,57.96
Washington DNR Pilot Project,25 Mile,PRE,23-Sep-16,Downed Woody: 1000-hr,20,,997.9,30.76,520.31,40.75
Washington DNR Pilot Project,25 Mile,PRE,23-Sep-16,Downed Woody: 100-hr,1,,255,18.43,212.5,23.45
Washington DNR Pilot Project,25 Mile,PRE,23-Sep-16,Downed Woody: 100-hr,2,,401.6,18.43,343.44,35.36
Washington DNR Pilot Project,25 Mile,PRE,23-Sep-16,Downed Woody: 100-hr,3,,226.1,18.43,180.2,28.36
Washington DNR Pilot Project,25 Mile,PRE,23-Sep-16,Downed Woody: 100-hr,4,,218.3,18.43,167.28,31.78
Washington DNR Pilot Project,25 Mile,PRE,23-Sep-16,Downed Woody: 100-hr,5,,212.5,18.47,170.63,29.1
Washington DNR Pilot Project,25 Mile,PRE,23-Sep-16,Downed Woody: 100-hr,6,,230.3,18.13,210.13,27.04
Washington DNR Pilot Project,25 Mile,PRE,23-Sep-16,Downed Woody: 100-hr,7,,288.6,18.43,257.7,28.39
Washington DNR Pilot Project,25 Mile,PRE,23-Sep-16,Downed Woody: 100-hr,8,,248.5,19.84,184.62,20.74
Washington DNR Pilot Project,25 Mile,PRE,23-Sep-16,Downed Woody: 100-hr,9,,383.1,19.84,290.48,29.93
Washington DNR Pilot Project,25 Mile,PRE,23-Sep-16,Downed Woody: 100-hr,10,,260,19.84,227.41,37.32
Washington DNR Pilot Project,25 Mile,PRE,23-Sep-16,Downed Woody: 10-hr,1,,301.7,14.6,298.2,51.35
Washington DNR Pilot Project,25 Mile,PRE,23-Sep-16,Downed Woody: 10-hr,2,,306.4,15.2,319.89,58.32
Washington DNR Pilot Project,25 Mile,PRE,23-Sep-16,Downed Woody: 10-hr,3,,329.4,34.64,319.56,55.87
Washington DNR Pilot Project,25 Mile,PRE,23-Sep-16,Downed Woody: 10-hr,4,,259.6,14.7,273.85,57.27
Washington DNR Pilot Project,25 Mile,PRE,23-Sep-16,Downed Woody: 10-hr,5,,329.7,14.8,316.33,44.07
Washington DNR Pilot Project,25 Mile,PRE,23-Sep-16,Downed Woody: 10-hr,6,,319.3,19.84,338.72,65.77
Washington DNR Pilot Project,25 Mile,PRE,23-Sep-16,Downed Woody: 10-hr,7,,271.9,14.7,287.85,62.81
Washington DNR Pilot Project,25 Mile,PRE,23-Sep-16,Downed Woody: 10-hr,8,,276.8,14.8,273.13,49.18
Washington DNR Pilot Project,25 Mile,PRE,23-Sep-16,Downed Woody: 10-hr,9,,274.9,14.6,287.84,54.74
Washington DNR Pilot Project,25 Mile,PRE,23-Sep-16,Downed Woody: 10-hr,10,,265.3,14.7,285.61,64.18
Washington DNR Pilot Project,25 Mile,PRE,23-Sep-16,Downed Woody: 1-hr,1,,99,14.7,142.8,68.69
Washington DNR Pilot Project,25 Mile,PRE,23-Sep-16,Downed Woody: 1-hr,2,,89.7,14.7,105.62,38.4
Washington DNR Pilot Project,25 Mile,PRE,23-Sep-16,Downed Woody: 1-hr,3,,83.5,14.7,122.25,61
Washington DNR Pilot Project,25 Mile,PRE,23-Sep-16,Downed Woody: 1-hr,4,,86.1,14.7,119.42,54.61
Washington DNR Pilot Project,25 Mile,PRE,23-Sep-16,Downed Woody: 1-hr,5,,83.9,14.5,112.29,49.28
Washington DNR Pilot Project,25 Mile,PRE,23-Sep-16,Downed Woody: 1-hr,6,,82.1,14.5,108.75,47.9
Washington DNR Pilot Project,25 Mile,PRE,23-Sep-16,Downed Woody: 1-hr,7,,72.6,14.7,105.86,55.5
Washington DNR Pilot Project,25 Mile,PRE,23-Sep-16,Downed Woody: 1-hr,8,,83.4,14.5,114.11,52.68
Washington DNR Pilot Project,25 Mile,PRE,23-Sep-16,Downed Woody: 1-hr,9,,96.2,14.7,122.64,48.62
Washington DNR Pilot Project,25 Mile,PRE,23-Sep-16,Downed Woody: 1-hr,10,,74.2,14.6,117.7,63.48
Washington DNR Pilot Project,25 Mile,PRE,23-Sep-16,Duff,1,,79.4,14.7,91.7,48.76
Washington DNR Pilot Project,25 Mile,PRE,23-Sep-16,Duff,2,,80.6,14.6,79.53,45.79
Washington DNR Pilot Project,25 Mile,PRE,23-Sep-16,Duff,3,,78.7,14.6,89.94,52.38
Washington DNR Pilot Project,25 Mile,PRE,23-Sep-16,Duff,4,,89,14.6,105.36,58.19
Washington DNR Pilot Project,25 Mile,PRE,23-Sep-16,Duff,5,,83.9,14.6,82.51,40.64
Washington DNR Pilot Project,25 Mile,PRE,23-Sep-16,Duff,6,,115.8,14.7,84.91,40.77
Washington DNR Pilot Project,25 Mile,PRE,23-Sep-16,Duff,7,,96.5,14.6,98.45,49.66
Washington DNR Pilot Project,25 Mile,PRE,23-Sep-16,Duff,8,,95.4,12.8,96.46,40.91
Washington DNR Pilot Project,25 Mile,PRE,23-Sep-16,Duff,9,,118.6,14.6,83.85,21.62
Washington DNR Pilot Project,25 Mile,PRE,23-Sep-16,Duff,10,,118.3,14.5,122.76,54.39
Washington DNR Pilot Project,25 Mile,PRE,23-Sep-16,Grass,1,,48.6,14.6,70.74,53.11
Washington DNR Pilot Project,25 Mile,PRE,23-Sep-16,Grass,2,,50.6,14.7,60.47,45.66
Washington DNR Pilot Project,25 Mile,PRE,23-Sep-16,Grass,3,,58.9,14.7,78.13,61.79
Washington DNR Pilot Project,25 Mile,PRE,23-Sep-16,Grass,4,,51.2,14.7,67.86,49.77
Washington DNR Pilot Project,25 Mile,PRE,23-Sep-16,Grass,5,,59.7,14.6,71.14,52.48
Washington DNR Pilot Project,25 Mile,PRE,23-Sep-16,Grass,6,,62.4,14.8,72.51,51.38
Washington DNR Pilot Project,25 Mile,PRE,23-Sep-16,Grass,7,,59.8,14.7,66.85,48
Washington DNR Pilot Project,25 Mile,PRE,23-Sep-16,Grass,8,,55.6,14.7,69.53,47.38
Washington DNR Pilot Project,25 Mile,PRE,23-Sep-16,Grass,9,,61.7,14.6,67.32,47.26
Washington DNR Pilot Project,25 Mile,PRE,23-Sep-16,Grass,10,,55.3,14.9,77.45,59.88
Washington DNR Pilot Project,25 Mile,PRE,23-Sep-16,Litter,1,,106.8,34.44,116.86,51.77
Washington DNR Pilot Project,25 Mile,PRE,23-Sep-16,Litter,2,,103,14.9,140.59,62.23
Washington DNR Pilot Project,25 Mile,PRE,23-Sep-16,Litter,3,,65.6,14.6,101.08,56.6
Washington DNR Pilot Project,25 Mile,PRE,23-Sep-16,Litter,4,,70.9,15,104.09,53.53
Washington DNR Pilot Project,25 Mile,PRE,23-Sep-16,Litter,5,,63.5,14.5,92.4,48.25
Washington DNR Pilot Project,25 Mile,PRE,23-Sep-16,Litter,6,,60.3,14.8,82.34,41.59
Washington DNR Pilot Project,25 Mile,PRE,23-Sep-16,Litter,7,,65.2,14.5,94.92,49.5
Washington DNR Pilot Project,25 Mile,PRE,23-Sep-16,Litter,8,,72,14.6,100.84,50.9
Washington DNR Pilot Project,25 Mile,PRE,23-Sep-16,Litter,9,,66.4,14.5,101.07,54.18
Washington DNR Pilot Project,25 Mile,PRE,23-Sep-16,Litter,10,,60.5,14.4,100.34,59.31
Washington DNR Pilot Project,25 Mile,PRE,23-Sep-16,Shrubs,1,,64.1,14.8,81.44,54.19
Washington DNR Pilot Project,25 Mile,PRE,23-Sep-16,Shrubs,2,,88.2,14.8,83.05,47.5
Washington DNR Pilot Project,25 Mile,PRE,23-Sep-16,Shrubs,3,,95.9,14.7,97.37,59.55
Washington DNR Pilot Project,25 Mile,PRE,23-Sep-16,Shrubs,4,,90.6,14.7,75.91,39.44
Washington DNR Pilot Project,25 Mile,PRE,23-Sep-16,Shrubs,5,,91.7,14.1,65.49,31.86
Washington DNR Pilot Project,25 Mile,PRE,23-Sep-16,Shrubs,6,,88.2,14.7,61.12,28.05
Washington DNR Pilot Project,25 Mile,PRE,23-Sep-16,Shrubs,7,,88.6,14.7,51.74,37.58
Washington DNR Pilot Project,25 Mile,PRE,23-Sep-16,Shrubs,8,,74.5,14.7,61.35,30.58
Washington DNR Pilot Project,25 Mile,PRE,23-Sep-16,Shrubs,9,,95.9,15,87.66,46.43
Washington DNR Pilot Project,25 Mile,PRE,23-Sep-16,Shrubs,10,,60.2,14.6,68.41,33.13
Washington DNR Pilot Project,Angel,PRE,20-Sep-16,Downed Woody: 1000-hr,1,,286.92,19.8,261.4,30.9
Washington DNR Pilot Project,Angel,PRE,20-Sep-16,Downed Woody: 1000-hr,2,,949.93,19.8,547,30.4
Washington DNR Pilot Project,Angel,PRE,20-Sep-16,Downed Woody: 1000-hr,3,,936.08,19.8,567.8,51.7
Washington DNR Pilot Project,Angel,PRE,20-Sep-16,Downed Woody: 1000-hr,4,,1865.8,50.9,1520.7,91.8
Washington DNR Pilot Project,Angel,PRE,20-Sep-16,Downed Woody: 1000-hr,5,,600.12,19.8,551.1,50.1
Washington DNR Pilot Project,Angel,PRE,20-Sep-16,Downed Woody: 1000-hr,6,,644.2,19.8,579.1,49.2
Washington DNR Pilot Project,Angel,PRE,20-Sep-16,Downed Woody: 1000-hr,7,,435.95,19.8,402.9,56.5
Washington DNR Pilot Project,Angel,PRE,20-Sep-16,Downed Woody: 1000-hr,8,,578.36,19.8,532,47.1
Washington DNR Pilot Project,Angel,PRE,20-Sep-16,Downed Woody: 1000-hr,9,,779.01,19.96,562.1,27.5
Washington DNR Pilot Project,Angel,PRE,20-Sep-16,Downed Woody: 1000-hr,10,,255.83,19.96,258.3,53.5
Washington DNR Pilot Project,Angel,PRE,20-Sep-16,Downed Woody: 1000-hr,11,,727.5,19.96,549.2,31
Washington DNR Pilot Project,Angel,PRE,20-Sep-16,Downed Woody: 1000-hr,12,,804.11,20,597.8,49.1
Washington DNR Pilot Project,Angel,PRE,20-Sep-16,Downed Woody: 1000-hr,13,,370.6,20,346.7,39.6
Washington DNR Pilot Project,Angel,PRE,20-Sep-16,Downed Woody: 1000-hr,14,,497.58,20,469.1,49.9
Washington DNR Pilot Project,Angel,PRE,20-Sep-16,Downed Woody: 1000-hr,15,,2330.92,51.1,1950.1,113.9
Washington DNR Pilot Project,Angel,PRE,20-Sep-16,Downed Woody: 1000-hr,16,,435.28,19.9,354.3,50.9
Washington DNR Pilot Project,Angel,PRE,20-Sep-16,Downed Woody: 1000-hr,17,,263.21,19.9,256.2,40.8
Washington DNR Pilot Project,Angel,PRE,20-Sep-16,Downed Woody: 1000-hr,18,,822.74,20,753.5,50
Washington DNR Pilot Project,Angel,PRE,20-Sep-16,Downed Woody: 1000-hr,19,,423.91,19.9,410.2,46.3
Washington DNR Pilot Project,Angel,PRE,20-Sep-16,Downed Woody: 1000-hr,20,,649.16,20.1,502.2,37.6
Washington DNR Pilot Project,Angel,PRE,20-Sep-16,Downed Woody: 100-hr,1,,205.15,19.9,195.6,31.7
Washington DNR Pilot Project,Angel,PRE,20-Sep-16,Downed Woody: 100-hr,2,,308.09,19.9,281.7,30.4
Washington DNR Pilot Project,Angel,PRE,20-Sep-16,Downed Woody: 100-hr,3,,206.48,19.9,207.8,39.6
Washington DNR Pilot Project,Angel,PRE,20-Sep-16,Downed Woody: 100-hr,4,,131.61,19.9,126.4,30.9
Washington DNR Pilot Project,Angel,PRE,20-Sep-16,Downed Woody: 100-hr,5,,262.29,19.9,250.9,36.4
Washington DNR Pilot Project,Angel,PRE,20-Sep-16,Downed Woody: 100-hr,6,,220.55,19.9,211.8,35.9
Washington DNR Pilot Project,Angel,PRE,20-Sep-16,Downed Woody: 100-hr,7,,234.95,19.9,227.6,35.6
Washington DNR Pilot Project,Angel,PRE,20-Sep-16,Downed Woody: 100-hr,8,,257.31,19.9,246,37.2
Washington DNR Pilot Project,Angel,PRE,20-Sep-16,Downed Woody: 100-hr,9,,343,19.9,316.3,32.2
Washington DNR Pilot Project,Angel,PRE,20-Sep-16,Downed Woody: 100-hr,10,,212.32,19.9,190.4,20.6
Washington DNR Pilot Project,Angel,PRE,20-Sep-16,Downed Woody: 10-hr,1,,357.19,19.9,349.3,53.6
Washington DNR Pilot Project,Angel,PRE,20-Sep-16,Downed Woody: 10-hr,2,,370.83,19.9,354.5,51.5
Washington DNR Pilot Project,Angel,PRE,20-Sep-16,Downed Woody: 10-hr,3,,403.69,19.8,390.3,57.5
Washington DNR Pilot Project,Angel,PRE,20-Sep-16,Downed Woody: 10-hr,4,,384.72,19.8,380.2,63.7
Washington DNR Pilot Project,Angel,PRE,20-Sep-16,Downed Woody: 10-hr,5,,381.22,19.8,365.8,52.4
Washington DNR Pilot Project,Angel,PRE,20-Sep-16,Downed Woody: 10-hr,6,,384.57,19.9,362.6,47.3
Washington DNR Pilot Project,Angel,PRE,20-Sep-16,Downed Woody: 10-hr,7,,348.51,19.9,332.6,50.3
Washington DNR Pilot Project,Angel,PRE,20-Sep-16,Downed Woody: 10-hr,8,,651.95,19.9,608,60.6
Washington DNR Pilot Project,Angel,PRE,20-Sep-16,Downed Woody: 10-hr,9,,425.09,19.9,398.9,47.4
Washington DNR Pilot Project,Angel,PRE,20-Sep-16,Downed Woody: 10-hr,10,,436.96,19.9,419.8,67.8
Washington DNR Pilot Project,Angel,PRE,20-Sep-16,Downed Woody: 1-hr,1,,76.58,19.9,97.5,47.5
Washington DNR Pilot Project,Angel,PRE,20-Sep-16,Downed Woody: 1-hr,2,,73.23,19.9,94.2,47.3
Washington DNR Pilot Project,Angel,PRE,20-Sep-16,Downed Woody: 1-hr,3,,73.37,19.9,88.9,41.2
Washington DNR Pilot Project,Angel,PRE,20-Sep-16,Downed Woody: 1-hr,4,,61.73,18.5,91.8,53.2
Washington DNR Pilot Project,Angel,PRE,20-Sep-16,Downed Woody: 1-hr,5,,74.92,18.5,96.2,46.7
Washington DNR Pilot Project,Angel,PRE,20-Sep-16,Downed Woody: 1-hr,6,,71.27,18.5,100.9,54.1
Washington DNR Pilot Project,Angel,PRE,20-Sep-16,Downed Woody: 1-hr,7,,76.53,18.5,103,51.7
Washington DNR Pilot Project,Angel,PRE,20-Sep-16,Downed Woody: 1-hr,8,,71.77,18.5,101.4,54.6
Washington DNR Pilot Project,Angel,PRE,20-Sep-16,Downed Woody: 1-hr,9,,93.74,18.5,116.8,49.8
Washington DNR Pilot Project,Angel,PRE,20-Sep-16,Downed Woody: 1-hr,10,,97.49,18.5,126.1,56.7
Washington DNR Pilot Project,Angel,PRE,20-Sep-16,Downed Woody: F Layer,1,,264.15,18.5,273.1,63.3
Washington DNR Pilot Project,Angel,PRE,20-Sep-16,Downed Woody: F Layer,2,,190.05,19.21,188.3,41.9
Washington DNR Pilot Project,Angel,PRE,20-Sep-16,Downed Woody: F Layer,3,,270.27,19.21,241.8,46.8
Washington DNR Pilot Project,Angel,PRE,20-Sep-16,Downed Woody: F Layer,4,,272.12,18.5,277.1,59.3
Washington DNR Pilot Project,Angel,PRE,20-Sep-16,Downed Woody: F Layer,5,,161.52,18.5,178.2,54.9
Washington DNR Pilot Project,Angel,PRE,20-Sep-16,Downed Woody: F Layer,6,,238.7,18.5,233.7,44.4
Washington DNR Pilot Project,Angel,PRE,20-Sep-16,Downed Woody: F Layer,7,,196.66,18.5,209.9,55.6
Washington DNR Pilot Project,Angel,PRE,20-Sep-16,Downed Woody: F Layer,8,,178.68,19.96,189.2,54.1
Washington DNR Pilot Project,Angel,PRE,20-Sep-16,Downed Woody: F Layer,9,,207.73,19.96,212.8,49.8
Washington DNR Pilot Project,Angel,PRE,20-Sep-16,Downed Woody: F Layer,10,,248.47,19.96,248.5,53.7
Washington DNR Pilot Project,Angel,PRE,20-Sep-16,Grass,1,,66.63,19.9,87.6,53.2
Washington DNR Pilot Project,Angel,PRE,20-Sep-16,Grass,2,,106.4,19.9,105.3,46.7
Washington DNR Pilot Project,Angel,PRE,20-Sep-16,Grass,3,,75.03,19.9,86.7,49.9
Washington DNR Pilot Project,Angel,PRE,20-Sep-16,Grass,4,,72.9,19.9,84.5,47.3
Washington DNR Pilot Project,Angel,PRE,20-Sep-16,Grass,5,,86.38,19.9,96.1,47
Washington DNR Pilot Project,Angel,PRE,20-Sep-16,Grass,6,,77.27,19.9,90.1,54.4
Washington DNR Pilot Project,Angel,PRE,20-Sep-16,Grass,7,,83.62,19.9,94.9,54.1
Washington DNR Pilot Project,Angel,PRE,20-Sep-16,Grass,8,,88.68,19.9,94.2,50.9
Washington DNR Pilot Project,Angel,PRE,20-Sep-16,Grass,9,,74.18,19.9,93.5,56.5
Washington DNR Pilot Project,Angel,PRE,20-Sep-16,Grass,10,,67.37,19.9,70.6,41.1
Washington DNR Pilot Project,Angel,PRE,20-Sep-16,Litter,1,,119.74,19.96,142.4,53.3
Washington DNR Pilot Project,Angel,PRE,20-Sep-16,Litter,2,,107.16,19.96,106.7,28.1
Washington DNR Pilot Project,Angel,PRE,20-Sep-16,Litter,3,,79.65,19.96,97.8,44.9
Washington DNR Pilot Project,Angel,PRE,20-Sep-16,Litter,4,,93.01,19.96,96.4,31.6
Washington DNR Pilot Project,Angel,PRE,20-Sep-16,Litter,5,,97.03,19.96,275.5,204.5
Washington DNR Pilot Project,Angel,PRE,20-Sep-16,Litter,6,,113.03,19.96,147.1,64.6
Washington DNR Pilot Project,Angel,PRE,20-Sep-16,Litter,7,,100.7,19.96,284,212.3
Washington DNR Pilot Project,Angel,PRE,20-Sep-16,Litter,8,,99.2,19.96,104.3,35.2
Washington DNR Pilot Project,Angel,PRE,20-Sep-16,Litter,9,,132.16,19.96,136,37.2
Washington DNR Pilot Project,Angel,PRE,20-Sep-16,Litter,10,,118,19.96,294.4,207.2
Washington DNR Pilot Project,Angel,PRE,20-Sep-16,Shrubs,1,,97.7,20,96.3,51.6
Washington DNR Pilot Project,Angel,PRE,20-Sep-16,Shrubs,2,,87.37,20,83.8,47.3
Washington DNR Pilot Project,Angel,PRE,20-Sep-16,Shrubs,3,,166,20,282.3,204.3
Washington DNR Pilot Project,Angel,PRE,20-Sep-16,Shrubs,4,,93.34,20,89,47
Washington DNR Pilot Project,Angel,PRE,20-Sep-16,Shrubs,5,,125.81,20,261.3,205.7
Washington DNR Pilot Project,Angel,PRE,20-Sep-16,Shrubs,6,,48.06,20,75.3,57.2
Washington DNR Pilot Project,Angel,PRE,20-Sep-16,Shrubs,7,,64.17,20,75.7,52.1
Washington DNR Pilot Project,Angel,PRE,20-Sep-16,Shrubs,8,,58.19,20,70.4,50.3
Washington DNR Pilot Project,Angel,PRE,20-Sep-16,Shrubs,9,,50.95,20,78.1,60.7
Washington DNR Pilot Project,Angel,PRE,20-Sep-16,Shrubs,10,,54.42,20,86,67.6
Washington DNR Pilot Project,Chumstick ZUI,PRE,12-Sep-16,Downed Woody: 1000-hr,1,,1276.6,31.06,1176.2,204.3
Washington DNR Pilot Project,Chumstick ZUI,PRE,12-Sep-16,Downed Woody: 1000-hr,2,,634.1,20.1,511.5,52
Washington DNR Pilot Project,Chumstick ZUI,PRE,12-Sep-16,Downed Woody: 1000-hr,3,,584.6,20.1,554.9,50.5
Washington DNR Pilot Project,Chumstick ZUI,PRE,12-Sep-16,Downed Woody: 1000-hr,4,,621.9,20.1,493.2,49.7
Washington DNR Pilot Project,Chumstick ZUI,PRE,12-Sep-16,Downed Woody: 1000-hr,5,,889.2,20.1,662.9,48.1
Washington DNR Pilot Project,Chumstick ZUI,PRE,12-Sep-16,Downed Woody: 1000-hr,6,,276.2,20.1,240.5,37.1
Washington DNR Pilot Project,Chumstick ZUI,PRE,12-Sep-16,Downed Woody: 1000-hr,7,,285.2,20.1,270,44.8
Washington DNR Pilot Project,Chumstick ZUI,PRE,12-Sep-16,Downed Woody: 1000-hr,8,,576.4,20.1,404.5,54
Washington DNR Pilot Project,Chumstick ZUI,PRE,12-Sep-16,Downed Woody: 1000-hr,9,,663.8,20.1,589.2,61.2
Washington DNR Pilot Project,Chumstick ZUI,PRE,12-Sep-16,Downed Woody: 1000-hr,10,,474.7,20.1,445.9,49.2
Washington DNR Pilot Project,Chumstick ZUI,PRE,12-Sep-16,Downed Woody: 1000-hr,11,,1044.9,20,762,60.7
Washington DNR Pilot Project,Chumstick ZUI,PRE,12-Sep-16,Downed Woody: 1000-hr,12,,73.6,20,77.8,28.1
Washington DNR Pilot Project,Chumstick ZUI,PRE,12-Sep-16,Downed Woody: 1000-hr,14,,676.2,20,647.2,51.2
Washington DNR Pilot Project,Chumstick ZUI,PRE,12-Sep-16,Downed Woody: 1000-hr,15,,383.6,20,359.3,43.1
Washington DNR Pilot Project,Chumstick ZUI,PRE,12-Sep-16,Downed Woody: 1000-hr,16,,1236.7,20,1219.8,208.9
Washington DNR Pilot Project,Chumstick ZUI,PRE,12-Sep-16,Downed Woody: 1000-hr,17,,193.2,20,194.1,39.5
Washington DNR Pilot Project,Chumstick ZUI,PRE,12-Sep-16,Downed Woody: 1000-hr,18,,274.8,20,278.7,62.3
Washington DNR Pilot Project,Chumstick ZUI,PRE,12-Sep-16,Downed Woody: 1000-hr,19,,901.3,20,616.5,58.1
Washington DNR Pilot Project,Chumstick ZUI,PRE,12-Sep-16,Downed Woody: 1000-hr,20,,160.7,20,153.3,29.9
Washington DNR Pilot Project,Chumstick ZUI,PRE,12-Sep-16,Downed Woody: 100-hr,1,,362.5,20,332.6,38.4
Washington DNR Pilot Project,Chumstick ZUI,PRE,12-Sep-16,Downed Woody: 100-hr,2,,337.9,20,314.6,29.7
Washington DNR Pilot Project,Chumstick ZUI,PRE,12-Sep-16,Downed Woody: 100-hr,3,,265.5,20,226.6,34.7
Washington DNR Pilot Project,Chumstick ZUI,PRE,12-Sep-16,Downed Woody: 100-hr,4,,221.3,20,201.9,20.8
Washington DNR Pilot Project,Chumstick ZUI,PRE,12-Sep-16,Downed Woody: 100-hr,5,,501.7,20,493.5,59.8
Washington DNR Pilot Project,Chumstick ZUI,PRE,12-Sep-16,Downed Woody: 100-hr,6,,378.7,20,379.4,55.3
Washington DNR Pilot Project,Chumstick ZUI,PRE,12-Sep-16,Downed Woody: 100-hr,7,,344.1,20,333.6,42.2
Washington DNR Pilot Project,Chumstick ZUI,PRE,12-Sep-16,Downed Woody: 100-hr,8,,471.2,20,471.3,60.2
Washington DNR Pilot Project,Chumstick ZUI,PRE,12-Sep-16,Downed Woody: 100-hr,9,,229.9,20,249.2,55.8
Washington DNR Pilot Project,Chumstick ZUI,PRE,12-Sep-16,Downed Woody: 100-hr,10,,422.1,20,425.2,57.6
Washington DNR Pilot Project,Chumstick ZUI,PRE,12-Sep-16,Downed Woody: 10-hr,1,,295.3,20,292.5,47.6
Washington DNR Pilot Project,Chumstick ZUI,PRE,12-Sep-16,Downed Woody: 10-hr,2,,344.7,20,392.6,47.9
Washington DNR Pilot Project,Chumstick ZUI,PRE,12-Sep-16,Downed Woody: 10-hr,3,,380.1,20,380.6,56.6
Washington DNR Pilot Project,Chumstick ZUI,PRE,12-Sep-16,Downed Woody: 10-hr,4,,411.5,20,408.3,50.4
Washington DNR Pilot Project,Chumstick ZUI,PRE,12-Sep-16,Downed Woody: 10-hr,5,,450,20,446.8,57.4
Washington DNR Pilot Project,Chumstick ZUI,PRE,12-Sep-16,Downed Woody: 10-hr,6,,277.8,20,288.5,50.4
Washington DNR Pilot Project,Chumstick ZUI,PRE,12-Sep-16,Downed Woody: 10-hr,7,,306.8,20,298.5,42.1
Washington DNR Pilot Project,Chumstick ZUI,PRE,12-Sep-16,Downed Woody: 10-hr,8,,366.9,20,357.8,42.6
Washington DNR Pilot Project,Chumstick ZUI,PRE,12-Sep-16,Downed Woody: 10-hr,9,,331.9,20,339.6,55.1
Washington DNR Pilot Project,Chumstick ZUI,PRE,12-Sep-16,Downed Woody: 10-hr,10,,371.6,20,378.4,53.9
Washington DNR Pilot Project,Chumstick ZUI,PRE,12-Sep-16,Downed Woody: 1-hr,1,,167.1,20,189.2,54.2
Washington DNR Pilot Project,Chumstick ZUI,PRE,12-Sep-16,Downed Woody: 1-hr,2,,125.7,20,147.8,51.3
Washington DNR Pilot Project,Chumstick ZUI,PRE,12-Sep-16,Downed Woody: 1-hr,3,,150.5,20,169.2,50.2
Washington DNR Pilot Project,Chumstick ZUI,PRE,12-Sep-16,Downed Woody: 1-hr,4,,132.1,20,150.3,46.9
Washington DNR Pilot Project,Chumstick ZUI,PRE,12-Sep-16,Downed Woody: 1-hr,5,,140.9,20,159.4,48.1
Washington DNR Pilot Project,Chumstick ZUI,PRE,12-Sep-16,Downed Woody: 1-hr,6,,112.7,20,147.4,62.7
Washington DNR Pilot Project,Chumstick ZUI,PRE,12-Sep-16,Downed Woody: 1-hr,7,,101.7,20,132,56.2
Washington DNR Pilot Project,Chumstick ZUI,PRE,12-Sep-16,Downed Woody: 1-hr,8,,128.4,20,159,60.5
Washington DNR Pilot Project,Chumstick ZUI,PRE,12-Sep-16,Downed Woody: 1-hr,9,,127.8,20,157.8,59.8
Washington DNR Pilot Project,Chumstick ZUI,PRE,12-Sep-16,Downed Woody: 1-hr,10,,128.8,20,139.3,40.3
Washington DNR Pilot Project,Chumstick ZUI,PRE,12-Sep-16,Duff,1,,138.6,20.2,195.3,39.8
Washington DNR Pilot Project,Chumstick ZUI,PRE,12-Sep-16,Duff,2,,125.1,20.2,119.3,25.8
Washington DNR Pilot Project,Chumstick ZUI,PRE,12-Sep-16,Duff,3,,113.3,20.2,140.3,57.2
Washington DNR Pilot Project,Chumstick ZUI,PRE,12-Sep-16,Duff,4,,118.9,20.2,137.1,50.2
Washington DNR Pilot Project,Chumstick ZUI,PRE,12-Sep-16,Duff,5,,134,20.2,145.6,34.3
Washington DNR Pilot Project,Chumstick ZUI,PRE,12-Sep-16,Duff,6,,133.2,20.2,148.1,47.7
Washington DNR Pilot Project,Chumstick ZUI,PRE,12-Sep-16,Duff,7,,98.4,20.2,111.3,41.8
Washington DNR Pilot Project,Chumstick ZUI,PRE,12-Sep-16,Duff,8,,147.9,20.2,168.5,59.8
Washington DNR Pilot Project,Chumstick ZUI,PRE,12-Sep-16,Duff,9,,139.6,20.2,131.8,26.4
Washington DNR Pilot Project,Chumstick ZUI,PRE,12-Sep-16,Duff,10,,107.5,20.2,131.1,53.6
Washington DNR Pilot Project,Chumstick ZUI,PRE,12-Sep-16,Grass,1,,52.2,20.2,75.1,51.8
Washington DNR Pilot Project,Chumstick ZUI,PRE,12-Sep-16,Grass,2,,50.6,20.2,75.7,54.4
Washington DNR Pilot Project,Chumstick ZUI,PRE,12-Sep-16,Grass,3,,42.7,20.2,75.7,57.7
Washington DNR Pilot Project,Chumstick ZUI,PRE,12-Sep-16,Grass,4,,42.9,20.2,57,37.1
Washington DNR Pilot Project,Chumstick ZUI,PRE,12-Sep-16,Grass,5,,48.6,20.2,70.1,48.1
Washington DNR Pilot Project,Chumstick ZUI,PRE,12-Sep-16,Grass,6,,45.8,20.2,68.2,52.2
Washington DNR Pilot Project,Chumstick ZUI,PRE,12-Sep-16,Grass,7,,48.9,20.2,71.7,52.5
Washington DNR Pilot Project,Chumstick ZUI,PRE,12-Sep-16,Grass,8,,50.4,20.2,84.8,60.4
Washington DNR Pilot Project,Chumstick ZUI,PRE,12-Sep-16,Grass,9,,46.8,20.2,80.2,59.3
Washington DNR Pilot Project,Chumstick ZUI,PRE,12-Sep-16,Grass,10,,38.8,20.2,70.1,54.4
Washington DNR Pilot Project,Chumstick ZUI,PRE,12-Sep-16,Litter,1,,57.6,20.2,86.8,51.4
Washington DNR Pilot Project,Chumstick ZUI,PRE,12-Sep-16,Litter,2,,70.9,20.2,104.1,58
Washington DNR Pilot Project,Chumstick ZUI,PRE,12-Sep-16,Litter,3,,79.2,20.2,106.5,53.1
Washington DNR Pilot Project,Chumstick ZUI,PRE,12-Sep-16,Litter,4,,87.3,20.2,112.9,50.8
Washington DNR Pilot Project,Chumstick ZUI,PRE,12-Sep-16,Litter,5,,98.3,20.2,135.3,64.3
Washington DNR Pilot Project,Chumstick ZUI,PRE,12-Sep-16,Litter,6,,76.1,20.2,103,52
Washington DNR Pilot Project,Chumstick ZUI,PRE,12-Sep-16,Litter,7,,62.9,20.2,108.9,68.7
Washington DNR Pilot Project,Chumstick ZUI,PRE,12-Sep-16,Litter,8,,89.7,20.2,118.1,55.1
Washington DNR Pilot Project,Chumstick ZUI,PRE,12-Sep-16,Litter,9,,61.8,20.2,68.4,29.7
Washington DNR Pilot Project,Chumstick ZUI,PRE,12-Sep-16,Litter,10,,60.9,20.2,67.5,29.3
Washington DNR Pilot Project,Chumstick ZUI,PRE,12-Sep-16,Shrubs,1,,38.2,20.2,49.7,40.6
Washington DNR Pilot Project,Chumstick ZUI,PRE,12-Sep-16,Shrubs,2,,43.7,20.2,39.5,26.6
Washington DNR Pilot Project,Chumstick ZUI,PRE,12-Sep-16,Shrubs,3,,56.1,20.2,43.1,25.9
Washington DNR Pilot Project,Chumstick ZUI,PRE,12-Sep-16,Shrubs,4,,63.5,20.2,50.7,30.3
Washington DNR Pilot Project,Chumstick ZUI,PRE,12-Sep-16,Shrubs,5,,48.6,20.2,39.8,30.3
Washington DNR Pilot Project,Chumstick ZUI,PRE,12-Sep-16,Shrubs,6,,45.3,20.2,50.7,39.9
Washington DNR Pilot Project,Chumstick ZUI,PRE,12-Sep-16,Shrubs,7,,53.3,20.2,33.1,21.1
Washington DNR Pilot Project,Chumstick ZUI,PRE,12-Sep-16,Shrubs,8,,42.8,20.2,39.9,30
Washington DNR Pilot Project,Chumstick ZUI,PRE,12-Sep-16,Shrubs,9,,51.7,20.2,56.5,39.9
Washington DNR Pilot Project,Chumstick ZUI,PRE,12-Sep-16,Shrubs,10,,52.8,20.2,44.7,27.8
Washington DNR Pilot Project,Orion 2,PRE,10-Sep-16,Downed Woody: 1000-hr,1,,172.2,20.25,170.2,35.6
Washington DNR Pilot Project,Orion 2,PRE,10-Sep-16,Downed Woody: 1000-hr,2,,233.5,19.97,220.4,29
Washington DNR Pilot Project,Orion 2,PRE,10-Sep-16,Downed Woody: 1000-hr,3,,852,19.9,764.6,54.2
Washington DNR Pilot Project,Orion 2,PRE,10-Sep-16,Downed Woody: 1000-hr,4,,664.4,20.16,540.1,53.8
Washington DNR Pilot Project,Orion 2,PRE,10-Sep-16,Downed Woody: 1000-hr,5,,130.9,20.09,96.1,29.3
Washington DNR Pilot Project,Orion 2,PRE,10-Sep-16,Downed Woody: 1000-hr,6,,156.8,20.97,152.3,30
Washington DNR Pilot Project,Orion 2,PRE,10-Sep-16,Downed Woody: 1000-hr,7,,265.9,20.1,248.8,39.5
Washington DNR Pilot Project,Orion 2,PRE,10-Sep-16,Downed Woody: 1000-hr,8,,259.8,20.46,238.3,27.7
Washington DNR Pilot Project,Orion 2,PRE,10-Sep-16,Downed Woody: 1000-hr,9,,300.6,19.85,274.4,37
Washington DNR Pilot Project,Orion 2,PRE,10-Sep-16,Downed Woody: 1000-hr,10,,402.1,19.93,306.5,20.4
Washington DNR Pilot Project,Orion 2,PRE,10-Sep-16,Downed Woody: 1000-hr,11,,402.7,19.88,281.9,48.3
Washington DNR Pilot Project,Orion 2,PRE,10-Sep-16,Downed Woody: 1000-hr,12,,196.4,20.05,185.1,31.4
Washington DNR Pilot Project,Orion 2,PRE,10-Sep-16,Downed Woody: 1000-hr,13,,1261,20.04,837.8,54.5
Washington DNR Pilot Project,Orion 2,PRE,10-Sep-16,Downed Woody: 1000-hr,14,,476,19.9,380.5,38.4
Washington DNR Pilot Project,Orion 2,PRE,10-Sep-16,Downed Woody: 1000-hr,15,,720.7,20.04,633.9,40.3
Washington DNR Pilot Project,Orion 2,PRE,10-Sep-16,Downed Woody: 1000-hr,16,,165.3,19.89,161.2,35.4
Washington DNR Pilot Project,Orion 2,PRE,10-Sep-16,Downed Woody: 1000-hr,17,,243.5,19.93,237.9,36.2
Washington DNR Pilot Project,Orion 2,PRE,10-Sep-16,Downed Woody: 1000-hr,18,,124.7,19.2,126.2,31.9
Washington DNR Pilot Project,Orion 2,PRE,10-Sep-16,Downed Woody: 1000-hr,19,,878.7,20.42,657.9,47.3
Washington DNR Pilot Project,Orion 2,PRE,10-Sep-16,Downed Woody: 1000-hr,20,,472.1,21.84,347.1,50.9
Washington DNR Pilot Project,Orion 2,PRE,10-Sep-16,Downed Woody: 100-hr,1,,1102.9,19.84,1004.5,47.5
Washington DNR Pilot Project,Orion 2,PRE,10-Sep-16,Downed Woody: 100-hr,2,,872.9,19.84,808.1,31.3
Washington DNR Pilot Project,Orion 2,PRE,10-Sep-16,Downed Woody: 100-hr,3,,688.8,19.84,636.4,27.3
Washington DNR Pilot Project,Orion 2,PRE,10-Sep-16,Downed Woody: 100-hr,4,,763.3,19.84,672.6,23.8
Washington DNR Pilot Project,Orion 2,PRE,10-Sep-16,Downed Woody: 100-hr,5,,818.7,19.84,738.4,31.4
Washington DNR Pilot Project,Orion 2,PRE,10-Sep-16,Downed Woody: 100-hr,6,,1126.4,19.84,1025.4,50
Washington DNR Pilot Project,Orion 2,PRE,10-Sep-16,Downed Woody: 100-hr,7,,731,19.84,666.4,44.8
Washington DNR Pilot Project,Orion 2,PRE,10-Sep-16,Downed Woody: 100-hr,8,,752.2,19.84,720.8,61
Washington DNR Pilot Project,Orion 2,PRE,10-Sep-16,Downed Woody: 100-hr,9,,956.6,19.84,897.5,57.8
Washington DNR Pilot Project,Orion 2,PRE,10-Sep-16,Downed Woody: 100-hr,10,,768.2,19.84,723.8,57.1
Washington DNR Pilot Project,Orion 2,PRE,10-Sep-16,Downed Woody: 10-hr,1,,541.8,19.84,502.1,38.8
Washington DNR Pilot Project,Orion 2,PRE,10-Sep-16,Downed Woody: 10-hr,2,,475,19.84,481.1,55.1
Washington DNR Pilot Project,Orion 2,PRE,10-Sep-16,Downed Woody: 10-hr,3,,541.9,19.84,542.6,63.1
Washington DNR Pilot Project,Orion 2,PRE,10-Sep-16,Downed Woody: 10-hr,4,,472.7,19.84,424.5,60.8
Washington DNR Pilot Project,Orion 2,PRE,10-Sep-16,Downed Woody: 10-hr,5,,586.8,19.84,544.7,40.8
Washington DNR Pilot Project,Orion 2,PRE,10-Sep-16,Downed Woody: 10-hr,6,,635.3,19.84,576.6,55
Washington DNR Pilot Project,Orion 2,PRE,10-Sep-16,Downed Woody: 10-hr,7,,517.3,19.84,483.2,58.6
Washington DNR Pilot Project,Orion 2,PRE,10-Sep-16,Downed Woody: 10-hr,8,,510.1,19.84,485.5,47.8
Washington DNR Pilot Project,Orion 2,PRE,10-Sep-16,Downed Woody: 10-hr,9,,524.7,19.84,496.3,46.5
Washington DNR Pilot Project,Orion 2,PRE,10-Sep-16,Downed Woody: 10-hr,10,,474.4,19.84,429.9,46.7
Washington DNR Pilot Project,Orion 2,PRE,10-Sep-16,Downed Woody: 1-hr,1,,90.8,19.84,94,29.8
Washington DNR Pilot Project,Orion 2,PRE,10-Sep-16,Downed Woody: 1-hr,2,,105.5,19.84,101.5,26.7
Washington DNR Pilot Project,Orion 2,PRE,10-Sep-16,Downed Woody: 1-hr,3,,141.1,19.84,150.9,40.2
Washington DNR Pilot Project,Orion 2,PRE,10-Sep-16,Downed Woody: 1-hr,4,,98.7,19.84,109.1,38.1
Washington DNR Pilot Project,Orion 2,PRE,10-Sep-16,Downed Woody: 1-hr,5,,114.7,19.84,119,33.4
Washington DNR Pilot Project,Orion 2,PRE,10-Sep-16,Downed Woody: 1-hr,6,,54.1,19.84,61.3,30.3
Washington DNR Pilot Project,Orion 2,PRE,10-Sep-16,Downed Woody: 1-hr,7,,120.2,19.84,116.6,26.9
Washington DNR Pilot Project,Orion 2,PRE,10-Sep-16,Downed Woody: 1-hr,8,,140.8,19.84,135.8,25.8
Washington DNR Pilot Project,Orion 2,PRE,10-Sep-16,Downed Woody: 1-hr,9,,129.5,19.84,133.5,33.9
Washington DNR Pilot Project,Orion 2,PRE,10-Sep-16,Downed Woody: 1-hr,10,,97.7,19.84,107.9,38.1
Washington DNR Pilot Project,Orion 2,PRE,10-Sep-16,Duff,1,,192.6,19.84,202,54.2
Washington DNR Pilot Project,Orion 2,PRE,10-Sep-16,Duff,2,,218.8,19.84,223.6,49
Washington DNR Pilot Project,Orion 2,PRE,10-Sep-16,Duff,3,,137.6,19.84,141.2,38.7
Washington DNR Pilot Project,Orion 2,PRE,10-Sep-16,Duff,4,,189.2,19.84,182.8,49.2
Washington DNR Pilot Project,Orion 2,PRE,10-Sep-16,Duff,5,,178.7,19.84,174.2,53.5
Washington DNR Pilot Project,Orion 2,PRE,10-Sep-16,Duff,6,,225.6,19.84,230.5,59.2
Washington DNR Pilot Project,Orion 2,PRE,10-Sep-16,Duff,7,,163.6,19.84,175.9,64.3
Washington DNR Pilot Project,Orion 2,PRE,10-Sep-16,Duff,8,,121.5,19.84,131.8,43
Washington DNR Pilot Project,Orion 2,PRE,10-Sep-16,Duff,9,,135.7,19.84,153.9,49.7
Washington DNR Pilot Project,Orion 2,PRE,10-Sep-16,Duff,10,,128.1,19.84,135.3,43.9
Washington DNR Pilot Project,Orion 2,PRE,10-Sep-16,Grass,1,,69.9,19.84,62.5,28.6
Washington DNR Pilot Project,Orion 2,PRE,10-Sep-16,Grass,2,,45.1,19.84,48.5,26.7
Washington DNR Pilot Project,Orion 2,PRE,10-Sep-16,Grass,3,,62.6,19.84,57.8,28.6
Washington DNR Pilot Project,Orion 2,PRE,10-Sep-16,Grass,4,,56.6,19.84,52,31.5
Washington DNR Pilot Project,Orion 2,PRE,10-Sep-16,Grass,5,,75.6,19.84,57.2,25.1
Washington DNR Pilot Project,Orion 2,PRE,10-Sep-16,Grass,6,,71.4,19.84,67.5,39.4
Washington DNR Pilot Project,Orion 2,PRE,10-Sep-16,Grass,7,,88,19.84,67.1,27.7
Washington DNR Pilot Project,Orion 2,PRE,10-Sep-16,Grass,8,,72.8,19.84,72.2,40.5
Washington DNR Pilot Project,Orion 2,PRE,10-Sep-16,Grass,9,,52.1,19.84,51.5,30.4
Washington DNR Pilot Project,Orion 2,PRE,10-Sep-16,Grass,10,,66.3,19.84,57.7,30.6
Washington DNR Pilot Project,Orion 2,PRE,10-Sep-16,Litter,1,,109.3,19.84,133.8,52.9
Washington DNR Pilot Project,Orion 2,PRE,10-Sep-16,Litter,2,,82.7,19.84,109.8,51.3
Washington DNR Pilot Project,Orion 2,PRE,10-Sep-16,Litter,3,,163.2,19.84,183.4,50.7
Washington DNR Pilot Project,Orion 2,PRE,10-Sep-16,Litter,4,,148.3,19.84,167.2,55.8
Washington DNR Pilot Project,Orion 2,PRE,10-Sep-16,Litter,5,,181.1,19.84,191.7,49.5
Washington DNR Pilot Project,Orion 2,PRE,10-Sep-16,Litter,6,,195.1,19.84,206.4,54.1
Washington DNR Pilot Project,Orion 2,PRE,10-Sep-16,Litter,7,,132.1,19.84,154.5,44.9
Washington DNR Pilot Project,Orion 2,PRE,10-Sep-16,Litter,8,,136.7,19.84,170,64.3
Washington DNR Pilot Project,Orion 2,PRE,10-Sep-16,Litter,9,,136.3,19.84,160.3,52.9
Washington DNR Pilot Project,Orion 2,PRE,10-Sep-16,Litter,10,,174.9,19.84,186.3,46.9
Washington DNR Pilot Project,Orion 2,PRE,10-Sep-16,Shrubs,1,,138.1,19.84,111.9,48.5
Washington DNR Pilot Project,Orion 2,PRE,10-Sep-16,Shrubs,2,,147.7,19.84,128.3,53.8
Washington DNR Pilot Project,Orion 2,PRE,10-Sep-16,Shrubs,3,,123.5,19.84,113.8,55
Washington DNR Pilot Project,Orion 2,PRE,10-Sep-16,Shrubs,4,,79.2,19.84,48.1,18.4
Washington DNR Pilot Project,Orion 2,PRE,10-Sep-16,Shrubs,5,,215.9,19.84,144.6,47.2
Washington DNR Pilot Project,Orion 2,PRE,10-Sep-16,Shrubs,6,,169.3,19.84,133.2,56
Washington DNR Pilot Project,Orion 2,PRE,10-Sep-16,Shrubs,7,,121.5,19.84,82.6,31.1
Washington DNR Pilot Project,Orion 2,PRE,10-Sep-16,Shrubs,8,,161.1,19.84,136.4,59.2
Washington DNR Pilot Project,Orion 2,PRE,10-Sep-16,Shrubs,9,,121.7,19.84,97.7,41.3
Washington DNR Pilot Project,Orion 2,PRE,10-Sep-16,Shrubs,10,,105.9,19.84,78.2,32.7
Washington DNR Pilot Project,Paradise 90,PRE,17-Aug-16,Downed Woody: 1000-hr,1,,395.1,20.2,272.6,25.5
Washington DNR Pilot Project,Paradise 90,PRE,17-Aug-16,Downed Woody: 1000-hr,2,,348.8,19.9,303.2,31.1
Washington DNR Pilot Project,Paradise 90,PRE,17-Aug-16,Downed Woody: 1000-hr,3,,488.6,20.2,265,59.6
Washington DNR Pilot Project,Paradise 90,PRE,17-Aug-16,Downed Woody: 1000-hr,4,,642.3,19.9,471.9,28.9
Washington DNR Pilot Project,Paradise 90,PRE,17-Aug-16,Downed Woody: 1000-hr,5,,658.2,20.4,420.4,47.1
Washington DNR Pilot Project,Paradise 90,PRE,17-Aug-16,Downed Woody: 1000-hr,6,,149.4,20.2,104.1,42.6
Washington DNR Pilot Project,Paradise 90,PRE,17-Aug-16,Downed Woody: 1000-hr,7,,505.8,20.1,307.7,63.5
Washington DNR Pilot Project,Paradise 90,PRE,17-Aug-16,Downed Woody: 1000-hr,8,,231.6,20.1,162.9,47.4
Washington DNR Pilot Project,Paradise 90,PRE,17-Aug-16,Downed Woody: 1000-hr,9,,396.9,20.3,306.6,35.3
Washington DNR Pilot Project,Paradise 90,PRE,17-Aug-16,Downed Woody: 1000-hr,10,,564.3,20.2,381.6,49.1
Washington DNR Pilot Project,Paradise 90,PRE,17-Aug-16,Downed Woody: 1000-hr,11,,616.3,20.3,525.3,28.5
Washington DNR Pilot Project,Paradise 90,PRE,17-Aug-16,Downed Woody: 1000-hr,12,,444.9,20.2,345.9,39.9
Washington DNR Pilot Project,Paradise 90,PRE,17-Aug-16,Downed Woody: 1000-hr,13,,1149.9,20.1,653.1,50.8
Washington DNR Pilot Project,Paradise 90,PRE,17-Aug-16,Downed Woody: 1000-hr,14,,355.1,19.9,296.6,25.6
Washington DNR Pilot Project,Paradise 90,PRE,17-Aug-16,Downed Woody: 1000-hr,15,,364.6,20.2,310.8,30.6
Washington DNR Pilot Project,Paradise 90,PRE,17-Aug-16,Downed Woody: 1000-hr,16,,1494.8,20.3,790.5,50
Washington DNR Pilot Project,Paradise 90,PRE,17-Aug-16,Downed Woody: 1000-hr,17,,439.2,20.2,344.8,42.2
Washington DNR Pilot Project,Paradise 90,PRE,17-Aug-16,Downed Woody: 1000-hr,18,,639.6,20,579.7,41.4
Washington DNR Pilot Project,Paradise 90,PRE,17-Aug-16,Downed Woody: 1000-hr,19,,776.2,20.3,656.8,46.2
Washington DNR Pilot Project,Paradise 90,PRE,17-Aug-16,Downed Woody: 1000-hr,20,,189.7,20.1,148.7,21.7
Washington DNR Pilot Project,Paradise 90,PRE,17-Aug-16,Downed Woody: 100-hr,1,,650.8,20.2,583,48.7
Washington DNR Pilot Project,Paradise 90,PRE,17-Aug-16,Downed Woody: 100-hr,2,,770.7,19.9,675.4,53.7
Washington DNR Pilot Project,Paradise 90,PRE,17-Aug-16,Downed Woody: 100-hr,3,,671.6,20.1,609.2,50.1
Washington DNR Pilot Project,Paradise 90,PRE,17-Aug-16,Downed Woody: 100-hr,4,,744.8,20.1,640.7,44.3
Washington DNR Pilot Project,Paradise 90,PRE,17-Aug-16,Downed Woody: 100-hr,5,,712.2,20,617.5,62.5
Washington DNR Pilot Project,Paradise 90,PRE,17-Aug-16,Downed Woody: 100-hr,6,,890.8,19.9,787,51.1
Washington DNR Pilot Project,Paradise 90,PRE,17-Aug-16,Downed Woody: 100-hr,7,,905.3,20.2,787.9,50.1
Washington DNR Pilot Project,Paradise 90,PRE,17-Aug-16,Downed Woody: 100-hr,8,,754.8,20.1,699.1,60.2
Washington DNR Pilot Project,Paradise 90,PRE,17-Aug-16,Downed Woody: 100-hr,9,,711.6,19.9,608.4,55
Washington DNR Pilot Project,Paradise 90,PRE,17-Aug-16,Downed Woody: 100-hr,10,,816.2,19.9,713.1,39.2
Washington DNR Pilot Project,Paradise 90,PRE,17-Aug-16,Downed Woody: 10-hr,1,,727.3,19.84,647.7,50.8
Washington DNR Pilot Project,Paradise 90,PRE,17-Aug-16,Downed Woody: 10-hr,2,,906.9,19.84,804.5,58.3
Washington DNR Pilot Project,Paradise 90,PRE,17-Aug-16,Downed Woody: 10-hr,3,,698.5,19.84,636.7,60.6
Washington DNR Pilot Project,Paradise 90,PRE,17-Aug-16,Downed Woody: 10-hr,4,,710.4,19.84,637.3,62.8
Washington DNR Pilot Project,Paradise 90,PRE,17-Aug-16,Downed Woody: 10-hr,5,,712.2,19.84,941.3,204.7
Washington DNR Pilot Project,Paradise 90,PRE,17-Aug-16,Downed Woody: 10-hr,6,,694.6,19.84,628,55.8
Washington DNR Pilot Project,Paradise 90,PRE,17-Aug-16,Downed Woody: 10-hr,7,,826.2,19.84,745.8,205.2
Washington DNR Pilot Project,Paradise 90,PRE,17-Aug-16,Downed Woody: 10-hr,8,,696.9,19.84,627.9,47.4
Washington DNR Pilot Project,Paradise 90,PRE,17-Aug-16,Downed Woody: 10-hr,9,,863.8,19.84,767,39.4
Washington DNR Pilot Project,Paradise 90,PRE,17-Aug-16,Downed Woody: 10-hr,10,,783.8,19.84,706.5,57.2
Washington DNR Pilot Project,Paradise 90,PRE,17-Aug-16,Downed Woody: 1-hr,1,,197.4,19.84,140.1,30.9
Washington DNR Pilot Project,Paradise 90,PRE,17-Aug-16,Downed Woody: 1-hr,2,,153.8,19.84,154.1,35.3
Washington DNR Pilot Project,Paradise 90,PRE,17-Aug-16,Downed Woody: 1-hr,3,,141.4,19.84,148.9,39.6
Washington DNR Pilot Project,Paradise 90,PRE,17-Aug-16,Downed Woody: 1-hr,4,,158.4,19.84,166.2,41.5
Washington DNR Pilot Project,Paradise 90,PRE,17-Aug-16,Downed Woody: 1-hr,5,,205.2,20.1,188.3,22.9
Washington DNR Pilot Project,Paradise 90,PRE,17-Aug-16,Downed Woody: 1-hr,6,,187.8,20.3,206.7,56.3
Washington DNR Pilot Project,Paradise 90,PRE,17-Aug-16,Downed Woody: 1-hr,7,,214.6,20.1,202.6,28.7
Washington DNR Pilot Project,Paradise 90,PRE,17-Aug-16,Downed Woody: 1-hr,8,,210.9,20.1,200.8,29
Washington DNR Pilot Project,Paradise 90,PRE,17-Aug-16,Downed Woody: 1-hr,9,,225.3,20.1,247.6,63
Washington DNR Pilot Project,Paradise 90,PRE,17-Aug-16,Downed Woody: 1-hr,10,,189.9,20,202.7,47.6
Washington DNR Pilot Project,Paradise 90,PRE,17-Aug-16,Duff,1,,184.4,20.14,169.3,38
Washington DNR Pilot Project,Paradise 90,PRE,17-Aug-16,Duff,2,,170,19.82,171.5,51.1
Washington DNR Pilot Project,Paradise 90,PRE,17-Aug-16,Duff,3,,156.8,21.87,167.1,56.4
Washington DNR Pilot Project,Paradise 90,PRE,17-Aug-16,Duff,4,,228.3,19.84,206.5,50
Washington DNR Pilot Project,Paradise 90,PRE,17-Aug-16,Duff,5,,100.4,19.94,115.4,53.1
Washington DNR Pilot Project,Paradise 90,PRE,17-Aug-16,Duff,6,,87.6,19.87,78.1,29.7
Washington DNR Pilot Project,Paradise 90,PRE,17-Aug-16,Duff,7,,136.7,19.72,144.8,53.7
Washington DNR Pilot Project,Paradise 90,PRE,17-Aug-16,Duff,8,,126.6,19.9,135.7,55.4
Washington DNR Pilot Project,Paradise 90,PRE,17-Aug-16,Duff,9,,121.2,19.9,141.4,56.4
Washington DNR Pilot Project,Paradise 90,PRE,17-Aug-16,Duff,10,,135.6,20,130.4,40.7
Washington DNR Pilot Project,Paradise 90,PRE,17-Aug-16,Grass,1,,96.1,19.84,110.6,54.1
Washington DNR Pilot Project,Paradise 90,PRE,17-Aug-16,Grass,2,,67.1,19.84,84.8,51.6
Washington DNR Pilot Project,Paradise 90,PRE,17-Aug-16,Grass,3,,86.5,19.4,106.9,55
Washington DNR Pilot Project,Paradise 90,PRE,17-Aug-16,Grass,4,,72.5,19.84,102.1,51.4
Washington DNR Pilot Project,Paradise 90,PRE,17-Aug-16,Grass,5,,116.3,20,122,58.5
Washington DNR Pilot Project,Paradise 90,PRE,17-Aug-16,Grass,6,,69.6,20.1,85.1,48.9
Washington DNR Pilot Project,Paradise 90,PRE,17-Aug-16,Grass,7,,93.2,20.2,109.8,53.8
Washington DNR Pilot Project,Paradise 90,PRE,17-Aug-16,Grass,8,,101.5,19.9,121.4,59
Washington DNR Pilot Project,Paradise 90,PRE,17-Aug-16,Grass,9,,101,20.2,106.2,50.1
Washington DNR Pilot Project,Paradise 90,PRE,17-Aug-16,Grass,10,,106.1,20.3,109.1,47.8
Washington DNR Pilot Project,Paradise 90,PRE,17-Aug-16,Litter,1,,131.9,19.84,149.1,47.7
Washington DNR Pilot Project,Paradise 90,PRE,17-Aug-16,Litter,2,,128.2,19.84,152,54.4
Washington DNR Pilot Project,Paradise 90,PRE,17-Aug-16,Litter,3,,149.1,19.84,158.9,47.6
Washington DNR Pilot Project,Paradise 90,PRE,17-Aug-16,Litter,4,,170.9,19.84,185.2,50.4
Washington DNR Pilot Project,Paradise 90,PRE,17-Aug-16,Litter,5,,98.3,20,122,52.6
Washington DNR Pilot Project,Paradise 90,PRE,17-Aug-16,Litter,6,,131.7,20.1,154.4,57.6
Washington DNR Pilot Project,Paradise 90,PRE,17-Aug-16,Litter,7,,179.8,20.2,205.3,63.9
Washington DNR Pilot Project,Paradise 90,PRE,17-Aug-16,Litter,8,,139.8,20.3,156.3,51.7
Washington DNR Pilot Project,Paradise 90,PRE,17-Aug-16,Litter,9,,149.5,19.9,165.2,51
Washington DNR Pilot Project,Paradise 90,PRE,17-Aug-16,Litter,10,,158.2,19.8,193,68.1
Washington DNR Pilot Project,Paradise 90,PRE,17-Aug-16,Shrubs,1,,123.5,19.84,95.6,42
Washington DNR Pilot Project,Paradise 90,PRE,17-Aug-16,Shrubs,2,,112.7,19.84,105,53.2
Washington DNR Pilot Project,Paradise 90,PRE,17-Aug-16,Shrubs,3,,121.3,19.84,102.1,49.2
Washington DNR Pilot Project,Paradise 90,PRE,17-Aug-16,Shrubs,4,,122.9,19.84,101.8,46
Washington DNR Pilot Project,Paradise 90,PRE,17-Aug-16,Shrubs,5,,154.1,19.84,107.1,47.1
Washington DNR Pilot Project,Paradise 90,PRE,17-Aug-16,Shrubs,6,,156.1,19.84,130,63.7
Washington DNR Pilot Project,Paradise 90,PRE,17-Aug-16,Shrubs,7,,140.5,19.84,121.9,59.3
Washington DNR Pilot Project,Paradise 90,PRE,17-Aug-16,Shrubs,8,,129.3,19.84,101.2,46.8
Washington DNR Pilot Project,Paradise 90,PRE,17-Aug-16,Shrubs,9,,142.9,19.84,105.3,44.4
Washington DNR Pilot Project,Paradise 90,PRE,17-Aug-16,Shrubs,10,,172,19.84,128.5,54.5
Washington DNR Pilot Project,Sherman Creek,PRE,22-Aug-16,Downed Woody: 1000-hr,1,,1512.2,20.7,808.5,40.74
Washington DNR Pilot Project,Sherman Creek,PRE,22-Aug-16,Downed Woody: 1000-hr,1,,1279.9,20.2,564.9,40.81
Washington DNR Pilot Project,Sherman Creek,PRE,22-Aug-16,Downed Woody: 1000-hr,1,,928.5,20.1,702.84,53.66
Washington DNR Pilot Project,Sherman Creek,PRE,22-Aug-16,Downed Woody: 1000-hr,2,,577.67,19.8,234.1,40.73
Washington DNR Pilot Project,Sherman Creek,PRE,22-Aug-16,Downed Woody: 1000-hr,3,,1296.7,18.7,689.64,39.65
Washington DNR Pilot Project,Sherman Creek,PRE,22-Aug-16,Downed Woody: 1000-hr,4,,955.5,20.4,545.75,39.91
Washington DNR Pilot Project,Sherman Creek,PRE,22-Aug-16,Downed Woody: 1000-hr,6,,552.2,21.1,184.53,40.55
Washington DNR Pilot Project,Sherman Creek,PRE,22-Aug-16,Downed Woody: 1000-hr,8,,1194.7,20.1,662.75,40.64
Washington DNR Pilot Project,Sherman Creek,PRE,22-Aug-16,Downed Woody: 1000-hr,9,,1542.7,20.1,554.24,39.92
Washington DNR Pilot Project,Sherman Creek,PRE,22-Aug-16,Downed Woody: 1000-hr,10,,631.7,19.8,284.82,59.16
Washington DNR Pilot Project,Sherman Creek,PRE,22-Aug-16,Downed Woody: 1000-hr,11,,1140.6,19.8,442.86,39.89
Washington DNR Pilot Project,Sherman Creek,PRE,22-Aug-16,Downed Woody: 1000-hr,12,,867.3,19.8,538.58,39.71
Washington DNR Pilot Project,Sherman Creek,PRE,22-Aug-16,Downed Woody: 1000-hr,13,,544,19.8,336.86,54.73
Washington DNR Pilot Project,Sherman Creek,PRE,22-Aug-16,Downed Woody: 1000-hr,14,,1933.4,19.8,743.58,39.98
Washington DNR Pilot Project,Sherman Creek,PRE,22-Aug-16,Downed Woody: 1000-hr,15,,802,19.24,301.45,40.58
Washington DNR Pilot Project,Sherman Creek,PRE,22-Aug-16,Downed Woody: 1000-hr,16,,281.8,20.8,194.76,48.43
Washington DNR Pilot Project,Sherman Creek,PRE,22-Aug-16,Downed Woody: 1000-hr,17,,528.9,21.3,307.24,40.58
Washington DNR Pilot Project,Sherman Creek,PRE,22-Aug-16,Downed Woody: 1000-hr,18,,362,21.3,189.37,39.9
Washington DNR Pilot Project,Sherman Creek,PRE,22-Aug-16,Downed Woody: 1000-hr,19,,911.67,20.5,535.47,39.69
Washington DNR Pilot Project,Sherman Creek,PRE,22-Aug-16,Downed Woody: 1000-hr,20,,420.9,20,243.48,39.82
Washington DNR Pilot Project,Sherman Creek,PRE,22-Aug-16,Downed Woody: 100-hr,1,,949.7,14.5,609.49,51.75
Washington DNR Pilot Project,Sherman Creek,PRE,22-Aug-16,Downed Woody: 100-hr,2,,1251,14.6,732.76,57.57
Washington DNR Pilot Project,Sherman Creek,PRE,22-Aug-16,Downed Woody: 100-hr,3,,1547.5,14.8,543.02,48.83
Washington DNR Pilot Project,Sherman Creek,PRE,22-Aug-16,Downed Woody: 100-hr,4,,960.3,14.6,568.71,58.27
Washington DNR Pilot Project,Sherman Creek,PRE,22-Aug-16,Downed Woody: 100-hr,5,,1223.1,14.7,645.1,53.15
Washington DNR Pilot Project,Sherman Creek,PRE,22-Aug-16,Downed Woody: 100-hr,6,,1285.2,14.7,859.03,39.85
Washington DNR Pilot Project,Sherman Creek,PRE,22-Aug-16,Downed Woody: 100-hr,7,,898.6,14.6,682.59,40.02
Washington DNR Pilot Project,Sherman Creek,PRE,22-Aug-16,Downed Woody: 100-hr,8,,1149.1,14.7,571.91,39.74
Washington DNR Pilot Project,Sherman Creek,PRE,22-Aug-16,Downed Woody: 100-hr,9,,1387,14.3,616.81,39.97
Washington DNR Pilot Project,Sherman Creek,PRE,22-Aug-16,Downed Woody: 100-hr,10,,1224.1,14.5,600.51,39.92
Washington DNR Pilot Project,Sherman Creek,PRE,22-Aug-16,Downed Woody: 10-hr,1,,571.3,14.7,480.29,47.93
Washington DNR Pilot Project,Sherman Creek,PRE,22-Aug-16,Downed Woody: 10-hr,2,,493.37,14.8,425.23,50.38
Washington DNR Pilot Project,Sherman Creek,PRE,22-Aug-16,Downed Woody: 10-hr,3,,492.1,14.7,452.28,62.61
Washington DNR Pilot Project,Sherman Creek,PRE,22-Aug-16,Downed Woody: 10-hr,4,,578.5,14.7,464.22,46.86
Washington DNR Pilot Project,Sherman Creek,PRE,22-Aug-16,Downed Woody: 10-hr,5,,518.8,14.8,447.94,59.31
Washington DNR Pilot Project,Sherman Creek,PRE,22-Aug-16,Downed Woody: 10-hr,6,,490.3,14.8,441.52,61.25
Washington DNR Pilot Project,Sherman Creek,PRE,22-Aug-16,Downed Woody: 10-hr,7,,554.7,14.7,452.12,46.75
Washington DNR Pilot Project,Sherman Creek,PRE,22-Aug-16,Downed Woody: 10-hr,8,,484.4,14.7,388.28,47.49
Washington DNR Pilot Project,Sherman Creek,PRE,22-Aug-16,Downed Woody: 10-hr,9,,425.1,14.6,372.09,54.85
Washington DNR Pilot Project,Sherman Creek,PRE,22-Aug-16,Downed Woody: 10-hr,10,,429.6,14.6,338.87,64.23
Washington DNR Pilot Project,Sherman Creek,PRE,22-Aug-16,Downed Woody: 1-hr,1,,65.17,14.6,95.53,49.13
Washington DNR Pilot Project,Sherman Creek,PRE,22-Aug-16,Downed Woody: 1-hr,2,,114.06,14.3,128.06,37.59
Washington DNR Pilot Project,Sherman Creek,PRE,22-Aug-16,Downed Woody: 1-hr,3,,149.76,14.6,173.88,50.9
Washington DNR Pilot Project,Sherman Creek,PRE,22-Aug-16,Downed Woody: 1-hr,4,,70,14.7,111,60.1
Washington DNR Pilot Project,Sherman Creek,PRE,22-Aug-16,Downed Woody: 1-hr,5,,72.58,14.7,121.01,67.93
Washington DNR Pilot Project,Sherman Creek,PRE,22-Aug-16,Downed Woody: 1-hr,6,,77.46,14.8,102.5,45.05
Washington DNR Pilot Project,Sherman Creek,PRE,22-Aug-16,Downed Woody: 1-hr,7,,66.05,14.5,98.9,52.51
Washington DNR Pilot Project,Sherman Creek,PRE,22-Aug-16,Downed Woody: 1-hr,8,,91.36,14.7,121.94,51.88
Washington DNR Pilot Project,Sherman Creek,PRE,22-Aug-16,Downed Woody: 1-hr,9,,125.77,14.5,154.98,53.79
Washington DNR Pilot Project,Sherman Creek,PRE,22-Aug-16,Downed Woody: 1-hr,10,,105.16,14.7,125.29,47.21
Washington DNR Pilot Project,Sherman Creek,PRE,22-Aug-16,Duff,1,,450,14.7,223.26,51.61
Washington DNR Pilot Project,Sherman Creek,PRE,22-Aug-16,Duff,2,,657.9,14.8,273.87,58.15
Washington DNR Pilot Project,Sherman Creek,PRE,22-Aug-16,Duff,3,,508.3,15.1,246.06,40.06
Washington DNR Pilot Project,Sherman Creek,PRE,22-Aug-16,Duff,4,,400.5,14.5,190.16,49.46
Washington DNR Pilot Project,Sherman Creek,PRE,22-Aug-16,Duff,5,,444.3,15.4,257.16,39.92
Washington DNR Pilot Project,Sherman Creek,PRE,22-Aug-16,Duff,6,,415.5,14.7,242.45,57.16
Washington DNR Pilot Project,Sherman Creek,PRE,22-Aug-16,Duff,7,,345.8,14.7,174.19,39.98
Washington DNR Pilot Project,Sherman Creek,PRE,22-Aug-16,Duff,8,,392.1,14.6,224.93,39.95
Washington DNR Pilot Project,Sherman Creek,PRE,22-Aug-16,Duff,9,,378.6,14.6,193.04,37.57
Washington DNR Pilot Project,Sherman Creek,PRE,22-Aug-16,Duff,10,,369.2,14.6,206.83,47.26
Washington DNR Pilot Project,Sherman Creek,PRE,22-Aug-16,Grass,1,,197.98,14.5,128.78,40.68
Washington DNR Pilot Project,Sherman Creek,PRE,22-Aug-16,Grass,2,,239,14.5,144.43,46.79
Washington DNR Pilot Project,Sherman Creek,PRE,22-Aug-16,Grass,3,,190.38,14.6,144.79,62.07
Washington DNR Pilot Project,Sherman Creek,PRE,22-Aug-16,Grass,4,,202.56,14.5,141.86,39.94
Washington DNR Pilot Project,Sherman Creek,PRE,22-Aug-16,Grass,5,,128.14,14.4,119.52,55.95
Washington DNR Pilot Project,Sherman Creek,PRE,22-Aug-16,Grass,6,,161.84,14.4,123.02,53.43
Washington DNR Pilot Project,Sherman Creek,PRE,22-Aug-16,Grass,7,,197.27,14.6,124.04,39.98
Washington DNR Pilot Project,Sherman Creek,PRE,22-Aug-16,Grass,8,,219.74,14.6,146.68,40.03
Washington DNR Pilot Project,Sherman Creek,PRE,22-Aug-16,Grass,9,,276.75,14.6,143.51,40.02
Washington DNR Pilot Project,Sherman Creek,PRE,22-Aug-16,Grass,10,,278.64,14.8,163.86,40.26
Washington DNR Pilot Project,Sherman Creek,PRE,22-Aug-16,Litter,1,,137.16,14.6,150.29,40.1
Washington DNR Pilot Project,Sherman Creek,PRE,22-Aug-16,Litter,2,,144.09,14.6,152.41,40.01
Washington DNR Pilot Project,Sherman Creek,PRE,22-Aug-16,Litter,3,,177.64,14.6,184.67,39.8
Washington DNR Pilot Project,Sherman Creek,PRE,22-Aug-16,Litter,4,,133.83,14.7,147.54,39.95
Washington DNR Pilot Project,Sherman Creek,PRE,22-Aug-16,Litter,5,,137.07,14.7,147.13,40.01
Washington DNR Pilot Project,Sherman Creek,PRE,22-Aug-16,Litter,6,,173.83,14.7,184.04,39.86
Washington DNR Pilot Project,Sherman Creek,PRE,22-Aug-16,Litter,7,,165.98,14.6,176.92,40.09
Washington DNR Pilot Project,Sherman Creek,PRE,22-Aug-16,Litter,8,,173.25,14.7,184.24,39.95
Washington DNR Pilot Project,Sherman Creek,PRE,22-Aug-16,Litter,9,,145.88,14.6,159.74,40.02
Washington DNR Pilot Project,Sherman Creek,PRE,22-Aug-16,Litter,10,,140.89,14.6,152.66,40.04
Washington DNR Pilot Project,Sherman Creek,PRE,22-Aug-16,Shrubs,1,,138.9,14.7,84.05,39.99
Washington DNR Pilot Project,Sherman Creek,PRE,22-Aug-16,Shrubs,2,,124.7,14.7,79.35,39.97
Washington DNR Pilot Project,Sherman Creek,PRE,22-Aug-16,Shrubs,3,,169.6,14.7,94.83,39.87
Washington DNR Pilot Project,Sherman Creek,PRE,22-Aug-16,Shrubs,4,,172.3,14.8,95.06,39.82
Washington DNR Pilot Project,Sherman Creek,PRE,22-Aug-16,Shrubs,5,,195.3,14.8,101.7,39.92
Washington DNR Pilot Project,Sherman Creek,PRE,22-Aug-16,Shrubs,6,,174.9,14.8,94.51,39.76
Washington DNR Pilot Project,Sherman Creek,PRE,22-Aug-16,Shrubs,7,,236.5,14.8,118.37,40.16
Washington DNR Pilot Project,Sherman Creek,PRE,22-Aug-16,Shrubs,8,,152.6,14.6,89.84,39.88
Washington DNR Pilot Project,Sherman Creek,PRE,22-Aug-16,Shrubs,9,,223,14.7,117.46,40.02
Washington DNR Pilot Project,Sherman Creek,PRE,22-Aug-16,Shrubs,10,,196.9,14.8,111.53,39.91
Washington DNR Pilot Project,Hanlon,PRE,21-Aug-16,Downed Woody: 1000-hr,1,,349.5,19.87,247.3,22.5
Washington DNR Pilot Project,Hanlon,PRE,21-Aug-16,Downed Woody: 1000-hr,2,,126.7,19.995,116.1,35.4
Washington DNR Pilot Project,Hanlon,PRE,21-Aug-16,Downed Woody: 1000-hr,3,,568.3,19.995,344.6,61.4
Washington DNR Pilot Project,Hanlon,PRE,21-Aug-16,Downed Woody: 1000-hr,4,,,,,
Washington DNR Pilot Project,Hanlon,PRE,21-Aug-16,Downed Woody: 1000-hr,5,,243.5,19.995,156.2,27.5
Washington DNR Pilot Project,Hanlon,PRE,21-Aug-16,Downed Woody: 1000-hr,6,,283.3,19.995,254.5,49.4
Washington DNR Pilot Project,Hanlon,PRE,21-Aug-16,Downed Woody: 1000-hr,7,,,,,
Washington DNR Pilot Project,Hanlon,PRE,21-Aug-16,Downed Woody: 1000-hr,8,,953.6,19.995,815.1,58
Washington DNR Pilot Project,Hanlon,PRE,21-Aug-16,Downed Woody: 1000-hr,9,,488.9,19.995,395.5,51.7
Washington DNR Pilot Project,Hanlon,PRE,21-Aug-16,Downed Woody: 1000-hr,10,,377.7,19.995,334.9,53.7
Washington DNR Pilot Project,Hanlon,PRE,21-Aug-16,Downed Woody: 1000-hr,11,,405.5,19.995,339.9,30.5
Washington DNR Pilot Project,Hanlon,PRE,21-Aug-16,Downed Woody: 1000-hr,12,,588.7,19.995,489.6,55.3
Washington DNR Pilot Project,Hanlon,PRE,21-Aug-16,Downed Woody: 1000-hr,13,,181.4,19.83,188.3,49.6
Washington DNR Pilot Project,Hanlon,PRE,21-Aug-16,Downed Woody: 1000-hr,14,,162.9,19.995,144,27.8
Washington DNR Pilot Project,Hanlon,PRE,21-Aug-16,Downed Woody: 1000-hr,15,,189.5,19.86,175.7,34.2
Washington DNR Pilot Project,Hanlon,PRE,21-Aug-16,Downed Woody: 1000-hr,16,,287.1,19.84,228.9,49.5
Washington DNR Pilot Project,Hanlon,PRE,21-Aug-16,Downed Woody: 1000-hr,17,,,,,
Washington DNR Pilot Project,Hanlon,PRE,21-Aug-16,Downed Woody: 1000-hr,18,,289.5,19.83,256.6,44.1
Washington DNR Pilot Project,Hanlon,PRE,21-Aug-16,Downed Woody: 1000-hr,19,,631.2,19.81,464.2,46
Washington DNR Pilot Project,Hanlon,PRE,21-Aug-16,Downed Woody: 1000-hr,20,,1087.1,19.86,666.6,55.7
Washington DNR Pilot Project,Hanlon,PRE,21-Aug-16,Downed Woody: 100-hr,1,,639.4,19.84,522.2,58.3
Washington DNR Pilot Project,Hanlon,PRE,21-Aug-16,Downed Woody: 100-hr,2,,782.6,19.84,671.2,54.1
Washington DNR Pilot Project,Hanlon,PRE,21-Aug-16,Downed Woody: 100-hr,3,,947.3,19.84,808.4,54.6
Washington DNR Pilot Project,Hanlon,PRE,21-Aug-16,Downed Woody: 100-hr,4,,860.8,19.84,631.7,51.5
Washington DNR Pilot Project,Hanlon,PRE,21-Aug-16,Downed Woody: 100-hr,5,,666.1,19.84,583.9,41.7
Washington DNR Pilot Project,Hanlon,PRE,21-Aug-16,Downed Woody: 100-hr,6,,555.2,19.84,493.7,63.4
Washington DNR Pilot Project,Hanlon,PRE,21-Aug-16,Downed Woody: 100-hr,7,,632.7,19.84,525.8,37.8
Washington DNR Pilot Project,Hanlon,PRE,21-Aug-16,Downed Woody: 100-hr,8,,898,19.84,752.2,57.7
Washington DNR Pilot Project,Hanlon,PRE,21-Aug-16,Downed Woody: 100-hr,9,,863,19.84,665,47.7
Washington DNR Pilot Project,Hanlon,PRE,21-Aug-16,Downed Woody: 100-hr,10,,659.5,19.84,598,54.7
Washington DNR Pilot Project,Hanlon,PRE,21-Aug-16,Duff,1,,253.3,19.84,173,60.1
Washington DNR Pilot Project,Hanlon,PRE,21-Aug-16,Duff,2,,308.6,19.84,208.1,46.7
Washington DNR Pilot Project,Hanlon,PRE,21-Aug-16,Duff,3,,209.6,19.84,171.4,58.7
Washington DNR Pilot Project,Hanlon,PRE,21-Aug-16,Duff,4,,295.6,19.84,187.8,46.6
Washington DNR Pilot Project,Hanlon,PRE,21-Aug-16,Duff,5,,172.4,19.84,174.5,59
Washington DNR Pilot Project,Hanlon,PRE,21-Aug-16,Duff,6,,207,19.84,176.5,50.7
Washington DNR Pilot Project,Hanlon,PRE,21-Aug-16,Duff,7,,239.4,19.84,212.5,48
Washington DNR Pilot Project,Hanlon,PRE,21-Aug-16,Duff,8,,235.1,19.84,191.2,50.3
Washington DNR Pilot Project,Hanlon,PRE,21-Aug-16,Duff,9,,177.8,19.84,133.2,41.7
Washington DNR Pilot Project,Hanlon,PRE,21-Aug-16,Duff,10,,192.7,19.84,180.4,37.4
