projectName,unitName,epShort,samplingStartDate,plot,transectNo,tally_1hr,tally_10hr,tally_100hr
Washington DNR Pilot Project,25 Mile,PRE,23-Sep-16,1,1,17,18,13
Washington DNR Pilot Project,25 Mile,PRE,23-Sep-16,1,2,46,18,13
Washington DNR Pilot Project,25 Mile,PRE,23-Sep-16,1,3,5,3,7
Washington DNR Pilot Project,25 Mile,PRE,23-Sep-16,2,1,2,2,6
Washington DNR Pilot Project,25 Mile,PRE,23-Sep-16,2,2,11,13,6
Washington DNR Pilot Project,25 Mile,PRE,23-Sep-16,2,3,72,55,7
Washington DNR Pilot Project,25 Mile,PRE,23-Sep-16,3,1,0,0,0
Washington DNR Pilot Project,25 Mile,PRE,23-Sep-16,3,2,3,2,0
Washington DNR Pilot Project,25 Mile,PRE,23-Sep-16,3,3,5,6,2
Washington DNR Pilot Project,25 Mile,PRE,23-Sep-16,4,1,8,5,4
Washington DNR Pilot Project,25 Mile,PRE,23-Sep-16,4,2,3,1,4
Washington DNR Pilot Project,25 Mile,PRE,23-Sep-16,4,3,6,5,11
Washington DNR Pilot Project,25 Mile,PRE,23-Sep-16,5,1,12,2,7
Washington DNR Pilot Project,25 Mile,PRE,23-Sep-16,5,2,13,11,3
Washington DNR Pilot Project,25 Mile,PRE,23-Sep-16,5,3,2,1,6
Washington DNR Pilot Project,25 Mile,PRE,23-Sep-16,6,1,0,1,0
Washington DNR Pilot Project,25 Mile,PRE,23-Sep-16,6,2,6,4,3
Washington DNR Pilot Project,25 Mile,PRE,23-Sep-16,6,3,2,1,7
Washington DNR Pilot Project,25 Mile,PRE,23-Sep-16,7,1,3,4,10
Washington DNR Pilot Project,25 Mile,PRE,23-Sep-16,7,2,2,0,11
Washington DNR Pilot Project,25 Mile,PRE,23-Sep-16,7,3,0,1,3
Washington DNR Pilot Project,25 Mile,PRE,23-Sep-16,8,1,2,7,5
Washington DNR Pilot Project,25 Mile,PRE,23-Sep-16,8,2,0,3,0
Washington DNR Pilot Project,25 Mile,PRE,23-Sep-16,8,3,0,2,0
Washington DNR Pilot Project,25 Mile,PRE,23-Sep-16,9,1,0,0,8
Washington DNR Pilot Project,25 Mile,PRE,23-Sep-16,9,2,12,3,7
Washington DNR Pilot Project,25 Mile,PRE,23-Sep-16,9,3,2,5,29
Washington DNR Pilot Project,25 Mile,PRE,23-Sep-16,10,1,4,13,15
Washington DNR Pilot Project,25 Mile,PRE,23-Sep-16,10,2,10,10,1
Washington DNR Pilot Project,25 Mile,PRE,23-Sep-16,10,3,0,6,6
Washington DNR Pilot Project,25 Mile,PRE,23-Sep-16,11,1,0,0,4
Washington DNR Pilot Project,25 Mile,PRE,23-Sep-16,11,2,1,7,7
Washington DNR Pilot Project,25 Mile,PRE,23-Sep-16,11,3,0,3,3
Washington DNR Pilot Project,25 Mile,PRE,23-Sep-16,12,1,2,3,8
Washington DNR Pilot Project,25 Mile,PRE,23-Sep-16,12,2,3,1,1
Washington DNR Pilot Project,25 Mile,PRE,23-Sep-16,12,3,0,0,4
Washington DNR Pilot Project,25 Mile,PRE,23-Sep-16,13,1,0,0,0
Washington DNR Pilot Project,25 Mile,PRE,23-Sep-16,13,2,0,0,1
Washington DNR Pilot Project,25 Mile,PRE,23-Sep-16,13,3,2,2,2
Washington DNR Pilot Project,25 Mile,PRE,23-Sep-16,14,1,3,3,12
Washington DNR Pilot Project,25 Mile,PRE,23-Sep-16,14,2,4,6,11
Washington DNR Pilot Project,25 Mile,PRE,23-Sep-16,14,3,0,1,1
Washington DNR Pilot Project,25 Mile,PRE,23-Sep-16,15,1,0,0,0
Washington DNR Pilot Project,25 Mile,PRE,23-Sep-16,15,2,1,11,4
Washington DNR Pilot Project,25 Mile,PRE,23-Sep-16,15,3,0,0,0
Washington DNR Pilot Project,25 Mile,PRE,23-Sep-16,16,1,1,7,12
Washington DNR Pilot Project,25 Mile,PRE,23-Sep-16,16,2,0,2,1
Washington DNR Pilot Project,25 Mile,PRE,23-Sep-16,16,3,2,0,8
Washington DNR Pilot Project,25 Mile,PRE,23-Sep-16,17,1,1,1,3
Washington DNR Pilot Project,25 Mile,PRE,23-Sep-16,17,2,2,6,3
Washington DNR Pilot Project,25 Mile,PRE,23-Sep-16,17,3,1,6,4
Washington DNR Pilot Project,25 Mile,PRE,23-Sep-16,18,1,4,0,1
Washington DNR Pilot Project,25 Mile,PRE,23-Sep-16,18,2,0,1,1
Washington DNR Pilot Project,25 Mile,PRE,23-Sep-16,18,3,1,4,0
Washington DNR Pilot Project,25 Mile,PRE,23-Sep-16,19,1,0,3,3
Washington DNR Pilot Project,25 Mile,PRE,23-Sep-16,19,2,1,2,4
Washington DNR Pilot Project,25 Mile,PRE,23-Sep-16,19,3,0,0,3
Washington DNR Pilot Project,25 Mile,PRE,23-Sep-16,20,1,4,8,15
Washington DNR Pilot Project,25 Mile,PRE,23-Sep-16,20,2,13,3,17
Washington DNR Pilot Project,25 Mile,PRE,23-Sep-16,20,3,6,3,8
Washington DNR Pilot Project,25 Mile,POST,02-Jun-17,1,1,16,3,4
Washington DNR Pilot Project,25 Mile,POST,02-Jun-17,1,2,0,1,9
Washington DNR Pilot Project,25 Mile,POST,02-Jun-17,1,3,11,3,5
Washington DNR Pilot Project,25 Mile,POST,02-Jun-17,2,1,2,2,3
Washington DNR Pilot Project,25 Mile,POST,02-Jun-17,2,2,25,2,2
Washington DNR Pilot Project,25 Mile,POST,02-Jun-17,2,3,1,2,3
Washington DNR Pilot Project,25 Mile,POST,02-Jun-17,3,1,0,0,0
Washington DNR Pilot Project,25 Mile,POST,02-Jun-17,3,2,1,1,2
Washington DNR Pilot Project,25 Mile,POST,02-Jun-17,3,3,5,3,1
Washington DNR Pilot Project,25 Mile,POST,02-Jun-17,4,1,0,0,0
Washington DNR Pilot Project,25 Mile,POST,02-Jun-17,4,2,5,2,3
Washington DNR Pilot Project,25 Mile,POST,02-Jun-17,4,3,0,3,0
Washington DNR Pilot Project,25 Mile,POST,02-Jun-17,5,1,10,4,6
Washington DNR Pilot Project,25 Mile,POST,02-Jun-17,5,2,19,7,2
Washington DNR Pilot Project,25 Mile,POST,02-Jun-17,5,3,0,0,2
Washington DNR Pilot Project,25 Mile,POST,02-Jun-17,6,1,0,0,0
Washington DNR Pilot Project,25 Mile,POST,02-Jun-17,6,2,2,1,3
Washington DNR Pilot Project,25 Mile,POST,02-Jun-17,6,3,0,1,2
Washington DNR Pilot Project,25 Mile,POST,02-Jun-17,7,1,1,2,1
Washington DNR Pilot Project,25 Mile,POST,02-Jun-17,7,2,0,0,3
Washington DNR Pilot Project,25 Mile,POST,02-Jun-17,7,3,0,0,3
Washington DNR Pilot Project,25 Mile,POST,02-Jun-17,8,1,0,2,4
Washington DNR Pilot Project,25 Mile,POST,02-Jun-17,8,2,0,0,0
Washington DNR Pilot Project,25 Mile,POST,02-Jun-17,8,3,0,0,2
Washington DNR Pilot Project,25 Mile,POST,02-Jun-17,9,1,0,0,3
Washington DNR Pilot Project,25 Mile,POST,02-Jun-17,9,2,1,2,8
Washington DNR Pilot Project,25 Mile,POST,02-Jun-17,9,3,0,3,9
Washington DNR Pilot Project,25 Mile,POST,02-Jun-17,10,1,6,5,5
Washington DNR Pilot Project,25 Mile,POST,02-Jun-17,10,2,1,6,1
Washington DNR Pilot Project,25 Mile,POST,02-Jun-17,10,3,0,0,3
Washington DNR Pilot Project,25 Mile,POST,02-Jun-17,11,1,0,0,2
Washington DNR Pilot Project,25 Mile,POST,02-Jun-17,11,2,0,1,1
Washington DNR Pilot Project,25 Mile,POST,02-Jun-17,11,3,2,2,0
Washington DNR Pilot Project,25 Mile,POST,02-Jun-17,12,1,1,0,0
Washington DNR Pilot Project,25 Mile,POST,02-Jun-17,12,2,0,0,0
Washington DNR Pilot Project,25 Mile,POST,02-Jun-17,12,3,1,0,0
Washington DNR Pilot Project,25 Mile,POST,02-Jun-17,13,1,0,0,0
Washington DNR Pilot Project,25 Mile,POST,02-Jun-17,13,2,0,1,1
Washington DNR Pilot Project,25 Mile,POST,02-Jun-17,13,3,0,0,0
Washington DNR Pilot Project,25 Mile,POST,02-Jun-17,14,1,2,11,7
Washington DNR Pilot Project,25 Mile,POST,02-Jun-17,14,2,0,1,1
Washington DNR Pilot Project,25 Mile,POST,02-Jun-17,14,3,0,0,1
Washington DNR Pilot Project,25 Mile,POST,02-Jun-17,15,1,0,0,1
Washington DNR Pilot Project,25 Mile,POST,02-Jun-17,15,2,0,1,1
Washington DNR Pilot Project,25 Mile,POST,02-Jun-17,15,3,0,0,1
Washington DNR Pilot Project,25 Mile,POST,02-Jun-17,16,1,0,7,7
Washington DNR Pilot Project,25 Mile,POST,02-Jun-17,16,2,0,1,1
Washington DNR Pilot Project,25 Mile,POST,02-Jun-17,16,3,0,2,4
Washington DNR Pilot Project,25 Mile,POST,02-Jun-17,17,1,0,0,2
Washington DNR Pilot Project,25 Mile,POST,02-Jun-17,17,2,0,0,2
Washington DNR Pilot Project,25 Mile,POST,02-Jun-17,17,3,0,0,0
Washington DNR Pilot Project,25 Mile,POST,02-Jun-17,18,1,0,1,1
Washington DNR Pilot Project,25 Mile,POST,02-Jun-17,18,2,3,2,0
Washington DNR Pilot Project,25 Mile,POST,02-Jun-17,18,3,0,1,0
Washington DNR Pilot Project,25 Mile,POST,02-Jun-17,19,1,1,1,3
Washington DNR Pilot Project,25 Mile,POST,02-Jun-17,19,2,0,1,2
Washington DNR Pilot Project,25 Mile,POST,02-Jun-17,19,3,8,2,4
Washington DNR Pilot Project,25 Mile,POST,02-Jun-17,20,1,2,1,8
Washington DNR Pilot Project,25 Mile,POST,02-Jun-17,20,2,5,8,3
Washington DNR Pilot Project,25 Mile,POST,02-Jun-17,20,3,0,5,3
Washington DNR Pilot Project,8 Mile Bottom,PRE,11-Sep-16,1,1,3,5,16
Washington DNR Pilot Project,8 Mile Bottom,PRE,11-Sep-16,1,2,2,5,4
Washington DNR Pilot Project,8 Mile Bottom,PRE,11-Sep-16,1,3,1,4,11
Washington DNR Pilot Project,8 Mile Bottom,PRE,11-Sep-16,2,1,4,5,4
Washington DNR Pilot Project,8 Mile Bottom,PRE,11-Sep-16,2,2,7,5,15
Washington DNR Pilot Project,8 Mile Bottom,PRE,11-Sep-16,2,3,0,0,13
Washington DNR Pilot Project,8 Mile Bottom,PRE,11-Sep-16,3,1,6,5,18
Washington DNR Pilot Project,8 Mile Bottom,PRE,11-Sep-16,3,2,2,8,16
Washington DNR Pilot Project,8 Mile Bottom,PRE,11-Sep-16,3,3,65,12,27
Washington DNR Pilot Project,8 Mile Bottom,PRE,11-Sep-16,4,1,10,4,6
Washington DNR Pilot Project,8 Mile Bottom,PRE,11-Sep-16,4,2,8,3,6
Washington DNR Pilot Project,8 Mile Bottom,PRE,11-Sep-16,4,3,32,11,3
Washington DNR Pilot Project,8 Mile Bottom,PRE,11-Sep-16,5,1,57,30,6
Washington DNR Pilot Project,8 Mile Bottom,PRE,11-Sep-16,5,2,28,3,11
Washington DNR Pilot Project,8 Mile Bottom,PRE,11-Sep-16,5,3,34,2,10
Washington DNR Pilot Project,8 Mile Bottom,PRE,11-Sep-16,6,1,8,33,11
Washington DNR Pilot Project,8 Mile Bottom,PRE,11-Sep-16,6,2,2,2,12
Washington DNR Pilot Project,8 Mile Bottom,PRE,11-Sep-16,6,3,32,12,4
Washington DNR Pilot Project,8 Mile Bottom,PRE,11-Sep-16,7,1,0,1,5
Washington DNR Pilot Project,8 Mile Bottom,PRE,11-Sep-16,7,2,14,4,8
Washington DNR Pilot Project,8 Mile Bottom,PRE,11-Sep-16,7,3,1,2,2
Washington DNR Pilot Project,8 Mile Bottom,PRE,11-Sep-16,8,1,0,6,0
Washington DNR Pilot Project,8 Mile Bottom,PRE,11-Sep-16,8,2,0,0,1
Washington DNR Pilot Project,8 Mile Bottom,PRE,11-Sep-16,8,3,2,0,6
Washington DNR Pilot Project,8 Mile Bottom,PRE,11-Sep-16,9,1,0,2,7
Washington DNR Pilot Project,8 Mile Bottom,PRE,11-Sep-16,9,2,23,4,2
Washington DNR Pilot Project,8 Mile Bottom,PRE,11-Sep-16,9,3,67,19,8
Washington DNR Pilot Project,8 Mile Bottom,PRE,11-Sep-16,10,1,14,7,2
Washington DNR Pilot Project,8 Mile Bottom,PRE,11-Sep-16,10,2,21,26,16
Washington DNR Pilot Project,8 Mile Bottom,PRE,11-Sep-16,10,3,11,4,6
Washington DNR Pilot Project,8 Mile Bottom,PRE,11-Sep-16,11,1,46,13,5
Washington DNR Pilot Project,8 Mile Bottom,PRE,11-Sep-16,11,2,9,5,3
Washington DNR Pilot Project,8 Mile Bottom,PRE,11-Sep-16,11,3,0,5,7
Washington DNR Pilot Project,8 Mile Bottom,PRE,11-Sep-16,12,1,9,6,1
Washington DNR Pilot Project,8 Mile Bottom,PRE,11-Sep-16,12,2,2,4,3
Washington DNR Pilot Project,8 Mile Bottom,PRE,11-Sep-16,12,3,9,13,5
Washington DNR Pilot Project,8 Mile Bottom,PRE,11-Sep-16,13,1,4,1,0
Washington DNR Pilot Project,8 Mile Bottom,PRE,11-Sep-16,13,2,2,16,5
Washington DNR Pilot Project,8 Mile Bottom,PRE,11-Sep-16,13,3,35,10,6
Washington DNR Pilot Project,8 Mile Bottom,PRE,11-Sep-16,14,1,3,1,3
Washington DNR Pilot Project,8 Mile Bottom,PRE,11-Sep-16,14,2,20,15,2
Washington DNR Pilot Project,8 Mile Bottom,PRE,11-Sep-16,14,3,1,7,3
Washington DNR Pilot Project,8 Mile Bottom,PRE,11-Sep-16,15,1,3,7,5
Washington DNR Pilot Project,8 Mile Bottom,PRE,11-Sep-16,15,2,11,2,13
Washington DNR Pilot Project,8 Mile Bottom,PRE,11-Sep-16,15,3,72,19,3
Washington DNR Pilot Project,8 Mile Bottom,PRE,11-Sep-16,16,1,0,1,1
Washington DNR Pilot Project,8 Mile Bottom,PRE,11-Sep-16,16,2,0,6,0
Washington DNR Pilot Project,8 Mile Bottom,PRE,11-Sep-16,16,3,27,17,14
Washington DNR Pilot Project,8 Mile Bottom,PRE,11-Sep-16,17,1,0,1,4
Washington DNR Pilot Project,8 Mile Bottom,PRE,11-Sep-16,17,2,6,9,23
Washington DNR Pilot Project,8 Mile Bottom,PRE,11-Sep-16,17,3,2,1,7
Washington DNR Pilot Project,8 Mile Bottom,PRE,11-Sep-16,18,1,12,8,5
Washington DNR Pilot Project,8 Mile Bottom,PRE,11-Sep-16,18,2,6,1,6
Washington DNR Pilot Project,8 Mile Bottom,PRE,11-Sep-16,18,3,5,3,6
Washington DNR Pilot Project,8 Mile Bottom,PRE,11-Sep-16,19,1,3,5,3
Washington DNR Pilot Project,8 Mile Bottom,PRE,11-Sep-16,19,2,7,6,10
Washington DNR Pilot Project,8 Mile Bottom,PRE,11-Sep-16,19,3,5,1,11
Washington DNR Pilot Project,8 Mile Bottom,PRE,11-Sep-16,20,1,2,9,21
Washington DNR Pilot Project,8 Mile Bottom,PRE,11-Sep-16,20,2,14,6,18
Washington DNR Pilot Project,8 Mile Bottom,PRE,11-Sep-16,20,3,15,12,7
Washington DNR Pilot Project,Angel,PRE,20-Sep-16,1,1,7,2,4
Washington DNR Pilot Project,Angel,PRE,20-Sep-16,1,2,5,2,7
Washington DNR Pilot Project,Angel,PRE,20-Sep-16,1,3,19,6,12
Washington DNR Pilot Project,Angel,PRE,20-Sep-16,2,1,24,15,11
Washington DNR Pilot Project,Angel,PRE,20-Sep-16,2,2,1,5,13
Washington DNR Pilot Project,Angel,PRE,20-Sep-16,2,3,40,13,4
Washington DNR Pilot Project,Angel,PRE,20-Sep-16,3,1,8,1,7
Washington DNR Pilot Project,Angel,PRE,20-Sep-16,3,2,23,21,10
Washington DNR Pilot Project,Angel,PRE,20-Sep-16,3,3,130,30,12
Washington DNR Pilot Project,Angel,PRE,20-Sep-16,4,1,8,15,17
Washington DNR Pilot Project,Angel,PRE,20-Sep-16,4,2,7,16,19
Washington DNR Pilot Project,Angel,PRE,20-Sep-16,4,3,8,9,13
Washington DNR Pilot Project,Angel,PRE,20-Sep-16,5,1,17,2,0
Washington DNR Pilot Project,Angel,PRE,20-Sep-16,5,2,11,12,6
Washington DNR Pilot Project,Angel,PRE,20-Sep-16,5,3,6,5,3
Washington DNR Pilot Project,Angel,PRE,20-Sep-16,6,1,47,2,2
Washington DNR Pilot Project,Angel,PRE,20-Sep-16,6,2,6,16,9
Washington DNR Pilot Project,Angel,PRE,20-Sep-16,6,3,24,0,4
Washington DNR Pilot Project,Angel,PRE,20-Sep-16,7,1,6,4,9
Washington DNR Pilot Project,Angel,PRE,20-Sep-16,7,2,6,3,1
Washington DNR Pilot Project,Angel,PRE,20-Sep-16,7,3,19,0,3
Washington DNR Pilot Project,Angel,PRE,20-Sep-16,8,1,29,6,3
Washington DNR Pilot Project,Angel,PRE,20-Sep-16,8,2,3,1,5
Washington DNR Pilot Project,Angel,PRE,20-Sep-16,8,3,4,5,3
Washington DNR Pilot Project,Angel,PRE,20-Sep-16,9,1,29,3,4
Washington DNR Pilot Project,Angel,PRE,20-Sep-16,9,2,3,3,9
Washington DNR Pilot Project,Angel,PRE,20-Sep-16,9,3,27,4,1
Washington DNR Pilot Project,Angel,PRE,20-Sep-16,10,1,14,4,5
Washington DNR Pilot Project,Angel,PRE,20-Sep-16,10,2,35,9,6
Washington DNR Pilot Project,Angel,PRE,20-Sep-16,10,3,22,3,0
Washington DNR Pilot Project,Angel,PRE,20-Sep-16,11,1,3,1,8
Washington DNR Pilot Project,Angel,PRE,20-Sep-16,11,2,21,2,4
Washington DNR Pilot Project,Angel,PRE,20-Sep-16,11,3,6,1,0
Washington DNR Pilot Project,Angel,PRE,20-Sep-16,12,1,14,12,4
Washington DNR Pilot Project,Angel,PRE,20-Sep-16,12,2,36,13,8
Washington DNR Pilot Project,Angel,PRE,20-Sep-16,12,3,231,13,14
Washington DNR Pilot Project,Angel,PRE,20-Sep-16,13,1,10,0,1
Washington DNR Pilot Project,Angel,PRE,20-Sep-16,13,2,40,7,2
Washington DNR Pilot Project,Angel,PRE,20-Sep-16,13,3,1,6,1
Washington DNR Pilot Project,Angel,PRE,20-Sep-16,14,1,7,0,5
Washington DNR Pilot Project,Angel,PRE,20-Sep-16,14,2,3,6,19
Washington DNR Pilot Project,Angel,PRE,20-Sep-16,14,3,69,2,1
Washington DNR Pilot Project,Angel,PRE,20-Sep-16,15,1,49,12,17
Washington DNR Pilot Project,Angel,PRE,20-Sep-16,15,2,59,2,2
Washington DNR Pilot Project,Angel,PRE,20-Sep-16,15,3,16,10,10
Washington DNR Pilot Project,Angel,PRE,20-Sep-16,16,1,7,2,3
Washington DNR Pilot Project,Angel,PRE,20-Sep-16,16,2,4,5,8
Washington DNR Pilot Project,Angel,PRE,20-Sep-16,16,3,2,0,2
Washington DNR Pilot Project,Angel,PRE,20-Sep-16,17,1,1,0,6
Washington DNR Pilot Project,Angel,PRE,20-Sep-16,17,2,11,7,5
Washington DNR Pilot Project,Angel,PRE,20-Sep-16,17,3,102,2,3
Washington DNR Pilot Project,Angel,PRE,20-Sep-16,18,1,12,0,1
Washington DNR Pilot Project,Angel,PRE,20-Sep-16,18,2,5,5,3
Washington DNR Pilot Project,Angel,PRE,20-Sep-16,18,3,30,16,5
Washington DNR Pilot Project,Angel,PRE,20-Sep-16,19,1,3,4,1
Washington DNR Pilot Project,Angel,PRE,20-Sep-16,19,2,3,3,0
Washington DNR Pilot Project,Angel,PRE,20-Sep-16,19,3,28,3,2
Washington DNR Pilot Project,Angel,PRE,20-Sep-16,20,1,0,0,0
Washington DNR Pilot Project,Angel,PRE,20-Sep-16,20,2,28,7,4
Washington DNR Pilot Project,Angel,PRE,20-Sep-16,20,3,80,12,2
Washington DNR Pilot Project,Angel,POST,08-Oct-16,1,1,2,3,1
Washington DNR Pilot Project,Angel,POST,08-Oct-16,1,2,6,5,4
Washington DNR Pilot Project,Angel,POST,08-Oct-16,1,3,4,2,2
Washington DNR Pilot Project,Angel,POST,08-Oct-16,2,1,2,1,2
Washington DNR Pilot Project,Angel,POST,08-Oct-16,2,2,0,0,4
Washington DNR Pilot Project,Angel,POST,08-Oct-16,2,3,2,5,1
Washington DNR Pilot Project,Angel,POST,08-Oct-16,3,1,0,0,1
Washington DNR Pilot Project,Angel,POST,08-Oct-16,3,2,1,0,1
Washington DNR Pilot Project,Angel,POST,08-Oct-16,3,3,0,5,1
Washington DNR Pilot Project,Angel,POST,08-Oct-16,4,1,0,0,1
Washington DNR Pilot Project,Angel,POST,08-Oct-16,4,2,0,3,0
Washington DNR Pilot Project,Angel,POST,08-Oct-16,4,3,1,6,0
Washington DNR Pilot Project,Angel,POST,08-Oct-16,5,1,0,0,0
Washington DNR Pilot Project,Angel,POST,08-Oct-16,5,2,0,5,3
Washington DNR Pilot Project,Angel,POST,08-Oct-16,5,3,6,2,2
Washington DNR Pilot Project,Angel,POST,08-Oct-16,6,1,10,1,0
Washington DNR Pilot Project,Angel,POST,08-Oct-16,6,2,0,3,1
Washington DNR Pilot Project,Angel,POST,08-Oct-16,6,3,10,0,1
Washington DNR Pilot Project,Angel,POST,08-Oct-16,7,1,0,1,1
Washington DNR Pilot Project,Angel,POST,08-Oct-16,7,2,0,3,1
Washington DNR Pilot Project,Angel,POST,08-Oct-16,7,3,1,0,0
Washington DNR Pilot Project,Angel,POST,08-Oct-16,8,1,0,2,0
Washington DNR Pilot Project,Angel,POST,08-Oct-16,8,2,4,0,0
Washington DNR Pilot Project,Angel,POST,08-Oct-16,8,3,0,3,2
Washington DNR Pilot Project,Angel,POST,08-Oct-16,9,1,19,3,3
Washington DNR Pilot Project,Angel,POST,08-Oct-16,9,2,0,0,1
Washington DNR Pilot Project,Angel,POST,08-Oct-16,9,3,1,0,1
Washington DNR Pilot Project,Angel,POST,08-Oct-16,10,1,1,1,0
Washington DNR Pilot Project,Angel,POST,08-Oct-16,10,2,1,0,1
Washington DNR Pilot Project,Angel,POST,08-Oct-16,10,3,12,1,0
Washington DNR Pilot Project,Angel,POST,08-Oct-16,11,1,3,1,0
Washington DNR Pilot Project,Angel,POST,08-Oct-16,11,2,6,1,1
Washington DNR Pilot Project,Angel,POST,08-Oct-16,11,3,6,2,0
Washington DNR Pilot Project,Angel,POST,08-Oct-16,12,1,0,0,1
Washington DNR Pilot Project,Angel,POST,08-Oct-16,12,2,36,6,2
Washington DNR Pilot Project,Angel,POST,08-Oct-16,12,3,0,0,1
Washington DNR Pilot Project,Angel,POST,08-Oct-16,13,1,3,0,0
Washington DNR Pilot Project,Angel,POST,08-Oct-16,13,2,1,0,0
Washington DNR Pilot Project,Angel,POST,08-Oct-16,13,3,0,0,1
Washington DNR Pilot Project,Angel,POST,08-Oct-16,14,1,7,0,0
Washington DNR Pilot Project,Angel,POST,08-Oct-16,14,2,1,1,0
Washington DNR Pilot Project,Angel,POST,08-Oct-16,14,3,1,0,0
Washington DNR Pilot Project,Angel,POST,08-Oct-16,15,1,49,12,6
Washington DNR Pilot Project,Angel,POST,08-Oct-16,15,2,0,0,0
Washington DNR Pilot Project,Angel,POST,08-Oct-16,15,3,3,1,0
Washington DNR Pilot Project,Angel,POST,08-Oct-16,16,1,0,0,1
Washington DNR Pilot Project,Angel,POST,08-Oct-16,16,2,0,0,0
Washington DNR Pilot Project,Angel,POST,08-Oct-16,16,3,0,0,1
Washington DNR Pilot Project,Angel,POST,08-Oct-16,17,1,0,1,4
Washington DNR Pilot Project,Angel,POST,08-Oct-16,17,2,8,0,0
Washington DNR Pilot Project,Angel,POST,08-Oct-16,17,3,102,2,3
Washington DNR Pilot Project,Angel,POST,08-Oct-16,18,1,1,1,0
Washington DNR Pilot Project,Angel,POST,08-Oct-16,18,2,3,1,0
Washington DNR Pilot Project,Angel,POST,08-Oct-16,18,3,2,5,0
Washington DNR Pilot Project,Angel,POST,08-Oct-16,19,1,0,3,0
Washington DNR Pilot Project,Angel,POST,08-Oct-16,19,2,0,0,0
Washington DNR Pilot Project,Angel,POST,08-Oct-16,19,3,0,1,1
Washington DNR Pilot Project,Angel,POST,08-Oct-16,20,1,0,0,0
Washington DNR Pilot Project,Angel,POST,08-Oct-16,20,2,0,0,1
Washington DNR Pilot Project,Angel,POST,08-Oct-16,20,3,3,0,0
Washington DNR Pilot Project,Canteen,PRE,07-Aug-16,1,1,36,18,3
Washington DNR Pilot Project,Canteen,PRE,07-Aug-16,1,2,127,24,10
Washington DNR Pilot Project,Canteen,PRE,07-Aug-16,1,3,33,17,18
Washington DNR Pilot Project,Canteen,PRE,07-Aug-16,2,1,42,32,12
Washington DNR Pilot Project,Canteen,PRE,07-Aug-16,2,2,105,31,13
Washington DNR Pilot Project,Canteen,PRE,07-Aug-16,2,3,150,30,22
Washington DNR Pilot Project,Canteen,PRE,07-Aug-16,3,1,3,2,17
Washington DNR Pilot Project,Canteen,PRE,07-Aug-16,3,2,0,0,6
Washington DNR Pilot Project,Canteen,PRE,07-Aug-16,3,3,9,6,7
Washington DNR Pilot Project,Canteen,PRE,07-Aug-16,4,1,0,7,12
Washington DNR Pilot Project,Canteen,PRE,07-Aug-16,4,2,30,26,15
Washington DNR Pilot Project,Canteen,PRE,07-Aug-16,4,3,11,4,50
Washington DNR Pilot Project,Canteen,PRE,07-Aug-16,5,1,126,45,36
Washington DNR Pilot Project,Canteen,PRE,07-Aug-16,5,2,14,5,4
Washington DNR Pilot Project,Canteen,PRE,07-Aug-16,5,3,24,14,18
Washington DNR Pilot Project,Canteen,PRE,07-Aug-16,6,1,41,15,10
Washington DNR Pilot Project,Canteen,PRE,07-Aug-16,6,2,1,5,11
Washington DNR Pilot Project,Canteen,PRE,07-Aug-16,6,3,0,4,7
Washington DNR Pilot Project,Canteen,PRE,07-Aug-16,7,1,62,10,23
Washington DNR Pilot Project,Canteen,PRE,07-Aug-16,7,2,25,12,22
Washington DNR Pilot Project,Canteen,PRE,07-Aug-16,7,3,7,3,15
Washington DNR Pilot Project,Canteen,PRE,07-Aug-16,8,1,10,8,17
Washington DNR Pilot Project,Canteen,PRE,07-Aug-16,8,2,115,33,40
Washington DNR Pilot Project,Canteen,PRE,07-Aug-16,8,3,26,3,25
Washington DNR Pilot Project,Canteen,PRE,07-Aug-16,9,1,37,11,24
Washington DNR Pilot Project,Canteen,PRE,07-Aug-16,9,2,133,18,26
Washington DNR Pilot Project,Canteen,PRE,07-Aug-16,9,3,6,5,16
Washington DNR Pilot Project,Canteen,PRE,07-Aug-16,10,1,65,45,34
Washington DNR Pilot Project,Canteen,PRE,07-Aug-16,11,1,11,1,5
Washington DNR Pilot Project,Canteen,PRE,07-Aug-16,11,2,5,0,12
Washington DNR Pilot Project,Canteen,PRE,07-Aug-16,11,3,15,3,26
Washington DNR Pilot Project,Canteen,PRE,07-Aug-16,12,1,60,79,34
Washington DNR Pilot Project,Canteen,PRE,07-Aug-16,12,2,30,20,21
Washington DNR Pilot Project,Canteen,PRE,07-Aug-16,12,3,55,7,12
Washington DNR Pilot Project,Canteen,PRE,07-Aug-16,13,1,14,5,8
Washington DNR Pilot Project,Canteen,PRE,07-Aug-16,13,2,12,2,2
Washington DNR Pilot Project,Canteen,PRE,07-Aug-16,13,3,91,17,16
Washington DNR Pilot Project,Canteen,PRE,07-Aug-16,14,1,16,11,16
Washington DNR Pilot Project,Canteen,PRE,07-Aug-16,14,2,5,1,8
Washington DNR Pilot Project,Canteen,PRE,07-Aug-16,14,3,7,15,18
Washington DNR Pilot Project,Canteen,PRE,07-Aug-16,15,1,44,23,7
Washington DNR Pilot Project,Canteen,PRE,07-Aug-16,15,2,9,12,7
Washington DNR Pilot Project,Canteen,PRE,07-Aug-16,15,3,0,1,7
Washington DNR Pilot Project,Canteen,PRE,07-Aug-16,16,1,0,0,0
Washington DNR Pilot Project,Canteen,PRE,07-Aug-16,16,2,2,4,9
Washington DNR Pilot Project,Canteen,PRE,07-Aug-16,16,3,2,3,4
Washington DNR Pilot Project,Canteen,PRE,07-Aug-16,17,1,2,5,3
Washington DNR Pilot Project,Canteen,PRE,07-Aug-16,17,2,26,15,4
Washington DNR Pilot Project,Canteen,PRE,07-Aug-16,17,3,121,27,16
Washington DNR Pilot Project,Canteen,PRE,07-Aug-16,18,1,2,5,11
Washington DNR Pilot Project,Canteen,PRE,07-Aug-16,18,2,0,3,7
Washington DNR Pilot Project,Canteen,PRE,07-Aug-16,18,3,4,5,16
Washington DNR Pilot Project,Canteen,PRE,07-Aug-16,19,1,8,2,2
Washington DNR Pilot Project,Canteen,PRE,07-Aug-16,19,2,26,26,32
Washington DNR Pilot Project,Canteen,PRE,07-Aug-16,19,3,6,6,8
Washington DNR Pilot Project,Canteen,PRE,07-Aug-16,20,1,3,1,17
Washington DNR Pilot Project,Canteen,PRE,07-Aug-16,20,2,44,16,10
Washington DNR Pilot Project,Canteen,PRE,07-Aug-16,20,3,59,24,24
Washington DNR Pilot Project,Chumstick ZUI,PRE,12-Sep-16,1,1,1,3,46
Washington DNR Pilot Project,Chumstick ZUI,PRE,12-Sep-16,1,2,5,26,18
Washington DNR Pilot Project,Chumstick ZUI,PRE,12-Sep-16,1,3,23,14,18
Washington DNR Pilot Project,Chumstick ZUI,PRE,12-Sep-16,2,1,15,20,6
Washington DNR Pilot Project,Chumstick ZUI,PRE,12-Sep-16,2,2,7,11,2
Washington DNR Pilot Project,Chumstick ZUI,PRE,12-Sep-16,2,3,6,21,23
Washington DNR Pilot Project,Chumstick ZUI,PRE,12-Sep-16,3,1,0,0,1
Washington DNR Pilot Project,Chumstick ZUI,PRE,12-Sep-16,3,2,2,6,24
Washington DNR Pilot Project,Chumstick ZUI,PRE,12-Sep-16,3,3,3,5,3
Washington DNR Pilot Project,Chumstick ZUI,PRE,12-Sep-16,4,1,12,15,7
Washington DNR Pilot Project,Chumstick ZUI,PRE,12-Sep-16,4,2,1,0,2
Washington DNR Pilot Project,Chumstick ZUI,PRE,12-Sep-16,4,3,0,4,6
Washington DNR Pilot Project,Chumstick ZUI,PRE,12-Sep-16,5,1,0,0,9
Washington DNR Pilot Project,Chumstick ZUI,PRE,12-Sep-16,5,2,0,0,13
Washington DNR Pilot Project,Chumstick ZUI,PRE,12-Sep-16,5,3,1,5,21
Washington DNR Pilot Project,Chumstick ZUI,PRE,12-Sep-16,6,1,0,13,48
Washington DNR Pilot Project,Chumstick ZUI,PRE,12-Sep-16,6,2,2,3,5
Washington DNR Pilot Project,Chumstick ZUI,PRE,12-Sep-16,6,3,1,7,6
Washington DNR Pilot Project,Chumstick ZUI,PRE,12-Sep-16,7,1,2,1,1
Washington DNR Pilot Project,Chumstick ZUI,PRE,12-Sep-16,7,2,9,5,0
Washington DNR Pilot Project,Chumstick ZUI,PRE,12-Sep-16,7,3,5,9,7
Washington DNR Pilot Project,Chumstick ZUI,PRE,12-Sep-16,8,1,4,12,11
Washington DNR Pilot Project,Chumstick ZUI,PRE,12-Sep-16,8,2,31,11,4
Washington DNR Pilot Project,Chumstick ZUI,PRE,12-Sep-16,8,3,0,2,2
Washington DNR Pilot Project,Chumstick ZUI,PRE,12-Sep-16,9,1,0,0,0
Washington DNR Pilot Project,Chumstick ZUI,PRE,12-Sep-16,9,2,3,1,1
Washington DNR Pilot Project,Chumstick ZUI,PRE,12-Sep-16,9,3,1,0,3
Washington DNR Pilot Project,Chumstick ZUI,PRE,12-Sep-16,10,1,2,0,0
Washington DNR Pilot Project,Chumstick ZUI,PRE,12-Sep-16,10,2,0,0,10
Washington DNR Pilot Project,Chumstick ZUI,PRE,12-Sep-16,10,3,0,0,2
Washington DNR Pilot Project,Chumstick ZUI,PRE,12-Sep-16,11,1,0,2,0
Washington DNR Pilot Project,Chumstick ZUI,PRE,12-Sep-16,11,2,0,2,3
Washington DNR Pilot Project,Chumstick ZUI,PRE,12-Sep-16,11,3,0,3,10
Washington DNR Pilot Project,Chumstick ZUI,PRE,12-Sep-16,12,1,0,0,0
Washington DNR Pilot Project,Chumstick ZUI,PRE,12-Sep-16,12,2,0,0,0
Washington DNR Pilot Project,Chumstick ZUI,PRE,12-Sep-16,12,3,0,3,3
Washington DNR Pilot Project,Chumstick ZUI,PRE,12-Sep-16,13,1,20,62,92
Washington DNR Pilot Project,Chumstick ZUI,PRE,12-Sep-16,13,2,7,2,1
Washington DNR Pilot Project,Chumstick ZUI,PRE,12-Sep-16,13,3,0,3,4
Washington DNR Pilot Project,Chumstick ZUI,PRE,12-Sep-16,14,1,1,0,1
Washington DNR Pilot Project,Chumstick ZUI,PRE,12-Sep-16,14,2,9,5,1
Washington DNR Pilot Project,Chumstick ZUI,PRE,12-Sep-16,14,3,27,12,14
Washington DNR Pilot Project,Chumstick ZUI,PRE,12-Sep-16,15,1,106,15,17
Washington DNR Pilot Project,Chumstick ZUI,PRE,12-Sep-16,15,2,25,36,66
Washington DNR Pilot Project,Chumstick ZUI,PRE,12-Sep-16,15,3,48,14,7
Washington DNR Pilot Project,Chumstick ZUI,POST,24-Oct-16,1,1,0,0,1
Washington DNR Pilot Project,Chumstick ZUI,POST,24-Oct-16,1,2,0,0,0
Washington DNR Pilot Project,Chumstick ZUI,POST,24-Oct-16,1,3,0,0,5
Washington DNR Pilot Project,Chumstick ZUI,POST,24-Oct-16,2,1,1,2,0
Washington DNR Pilot Project,Chumstick ZUI,POST,24-Oct-16,2,2,2,1,0
Washington DNR Pilot Project,Chumstick ZUI,POST,24-Oct-16,2,3,1,0,0
Washington DNR Pilot Project,Chumstick ZUI,POST,24-Oct-16,3,1,0,0,0
Washington DNR Pilot Project,Chumstick ZUI,POST,24-Oct-16,3,2,0,2,1
Washington DNR Pilot Project,Chumstick ZUI,POST,24-Oct-16,3,3,1,0,0
Washington DNR Pilot Project,Chumstick ZUI,POST,24-Oct-16,4,1,12,13,5
Washington DNR Pilot Project,Chumstick ZUI,POST,24-Oct-16,4,2,0,0,2
Washington DNR Pilot Project,Chumstick ZUI,POST,24-Oct-16,4,3,0,0,2
Washington DNR Pilot Project,Chumstick ZUI,POST,24-Oct-16,5,1,0,0,1
Washington DNR Pilot Project,Chumstick ZUI,POST,24-Oct-16,5,2,0,0,1
Washington DNR Pilot Project,Chumstick ZUI,POST,24-Oct-16,5,3,0,2,1
Washington DNR Pilot Project,Chumstick ZUI,POST,24-Oct-16,6,1,0,0,0
Washington DNR Pilot Project,Chumstick ZUI,POST,24-Oct-16,6,2,0,1,0
Washington DNR Pilot Project,Chumstick ZUI,POST,24-Oct-16,6,3,0,0,1
Washington DNR Pilot Project,Chumstick ZUI,POST,24-Oct-16,7,1,0,0,0
Washington DNR Pilot Project,Chumstick ZUI,POST,24-Oct-16,7,2,0,2,0
Washington DNR Pilot Project,Chumstick ZUI,POST,24-Oct-16,7,3,0,0,0
Washington DNR Pilot Project,Chumstick ZUI,POST,24-Oct-16,8,1,1,0,1
Washington DNR Pilot Project,Chumstick ZUI,POST,24-Oct-16,8,2,0,0,0
Washington DNR Pilot Project,Chumstick ZUI,POST,24-Oct-16,8,3,0,0,1
Washington DNR Pilot Project,Chumstick ZUI,POST,24-Oct-16,9,1,0,0,0
Washington DNR Pilot Project,Chumstick ZUI,POST,24-Oct-16,9,2,2,1,1
Washington DNR Pilot Project,Chumstick ZUI,POST,24-Oct-16,9,3,0,0,0
Washington DNR Pilot Project,Chumstick ZUI,POST,24-Oct-16,10,1,0,0,0
Washington DNR Pilot Project,Chumstick ZUI,POST,24-Oct-16,10,2,0,1,1
Washington DNR Pilot Project,Chumstick ZUI,POST,24-Oct-16,10,3,0,0,0
Washington DNR Pilot Project,Chumstick ZUI,POST,24-Oct-16,11,1,0,0,0
Washington DNR Pilot Project,Chumstick ZUI,POST,24-Oct-16,11,2,0,2,0
Washington DNR Pilot Project,Chumstick ZUI,POST,24-Oct-16,11,3,0,0,1
Washington DNR Pilot Project,Chumstick ZUI,POST,24-Oct-16,12,1,0,0,0
Washington DNR Pilot Project,Chumstick ZUI,POST,24-Oct-16,12,2,0,1,0
Washington DNR Pilot Project,Chumstick ZUI,POST,24-Oct-16,12,3,0,2,1
Washington DNR Pilot Project,Chumstick ZUI,POST,24-Oct-16,13,1,0,0,2
Washington DNR Pilot Project,Chumstick ZUI,POST,24-Oct-16,13,2,2,1,1
Washington DNR Pilot Project,Chumstick ZUI,POST,24-Oct-16,13,3,0,0,1
Washington DNR Pilot Project,Chumstick ZUI,POST,24-Oct-16,14,1,0,0,0
Washington DNR Pilot Project,Chumstick ZUI,POST,24-Oct-16,14,2,15,3,0
Washington DNR Pilot Project,Chumstick ZUI,POST,24-Oct-16,14,3,0,0,2
Washington DNR Pilot Project,Chumstick ZUI,POST,24-Oct-16,15,1,0,0,0
Washington DNR Pilot Project,Chumstick ZUI,POST,24-Oct-16,15,2,0,0,2
Washington DNR Pilot Project,Chumstick ZUI,POST,24-Oct-16,15,3,0,1,0
Washington DNR Pilot Project,Goat,PRE,09-Sep-16,1,1,2,3,5
Washington DNR Pilot Project,Goat,PRE,09-Sep-16,1,2,15,7,2
Washington DNR Pilot Project,Goat,PRE,09-Sep-16,1,3,28,2,9
Washington DNR Pilot Project,Goat,PRE,09-Sep-16,2,1,3,1,5
Washington DNR Pilot Project,Goat,PRE,09-Sep-16,2,2,0,4,4
Washington DNR Pilot Project,Goat,PRE,09-Sep-16,2,3,35,9,10
Washington DNR Pilot Project,Goat,PRE,09-Sep-16,3,1,1,2,1
Washington DNR Pilot Project,Goat,PRE,09-Sep-16,3,2,1,2,7
Washington DNR Pilot Project,Goat,PRE,09-Sep-16,4,1,2,2,7
Washington DNR Pilot Project,Goat,PRE,09-Sep-16,4,2,13,7,5
Washington DNR Pilot Project,Goat,PRE,09-Sep-16,4,3,12,12,16
Washington DNR Pilot Project,Goat,PRE,09-Sep-16,5,1,0,5,8
Washington DNR Pilot Project,Goat,PRE,09-Sep-16,5,2,14,4,11
Washington DNR Pilot Project,Goat,PRE,09-Sep-16,5,3,42,10,19
Washington DNR Pilot Project,Goat,PRE,09-Sep-16,6,1,1,0,5
Washington DNR Pilot Project,Goat,PRE,09-Sep-16,6,2,31,8,8
Washington DNR Pilot Project,Goat,PRE,09-Sep-16,6,3,6,12,8
Washington DNR Pilot Project,Goat,PRE,09-Sep-16,7,1,3,1,8
Washington DNR Pilot Project,Goat,PRE,09-Sep-16,7,2,19,6,6
Washington DNR Pilot Project,Goat,PRE,09-Sep-16,7,3,16,30,12
Washington DNR Pilot Project,Goat,PRE,09-Sep-16,8,1,8,3,5
Washington DNR Pilot Project,Goat,PRE,09-Sep-16,8,2,25,18,10
Washington DNR Pilot Project,Goat,PRE,09-Sep-16,8,3,26,12,2
Washington DNR Pilot Project,Goat,PRE,09-Sep-16,9,1,6,4,8
Washington DNR Pilot Project,Goat,PRE,09-Sep-16,9,2,32,5,2
Washington DNR Pilot Project,Goat,PRE,09-Sep-16,9,3,27,2,9
Washington DNR Pilot Project,Goat,PRE,09-Sep-16,10,1,38,9,7
Washington DNR Pilot Project,Goat,PRE,09-Sep-16,10,2,5,8,6
Washington DNR Pilot Project,Goat,PRE,09-Sep-16,10,3,3,3,4
Washington DNR Pilot Project,Goat,PRE,09-Sep-16,11,1,25,7,13
Washington DNR Pilot Project,Goat,PRE,09-Sep-16,11,2,3,2,3
Washington DNR Pilot Project,Goat,PRE,09-Sep-16,11,3,0,5,3
Washington DNR Pilot Project,Goat,PRE,09-Sep-16,12,1,20,7,8
Washington DNR Pilot Project,Goat,PRE,09-Sep-16,12,2,1,3,2
Washington DNR Pilot Project,Goat,PRE,09-Sep-16,12,3,14,9,3
Washington DNR Pilot Project,Goat,PRE,09-Sep-16,13,1,60,43,31
Washington DNR Pilot Project,Goat,PRE,09-Sep-16,13,2,7,0,2
Washington DNR Pilot Project,Goat,PRE,09-Sep-16,13,3,9,11,15
Washington DNR Pilot Project,Goat,PRE,09-Sep-16,14,1,1,8,4
Washington DNR Pilot Project,Goat,PRE,09-Sep-16,14,2,6,2,1
Washington DNR Pilot Project,Goat,PRE,09-Sep-16,14,3,39,14,10
Washington DNR Pilot Project,Goat,PRE,09-Sep-16,15,1,3,0,5
Washington DNR Pilot Project,Goat,PRE,09-Sep-16,15,2,1,2,3
Washington DNR Pilot Project,Goat,PRE,09-Sep-16,15,3,11,7,3
Washington DNR Pilot Project,Goat,PRE,09-Sep-16,16,1,13,3,3
Washington DNR Pilot Project,Goat,PRE,09-Sep-16,16,2,7,5,7
Washington DNR Pilot Project,Goat,PRE,09-Sep-16,16,3,2,0,0
Washington DNR Pilot Project,Goat,PRE,09-Sep-16,17,1,1,0,2
Washington DNR Pilot Project,Goat,PRE,09-Sep-16,17,2,17,2,2
Washington DNR Pilot Project,Goat,PRE,09-Sep-16,17,3,4,1,3
Washington DNR Pilot Project,Goat,PRE,09-Sep-16,18,1,1,3,0
Washington DNR Pilot Project,Goat,PRE,09-Sep-16,18,2,4,7,5
Washington DNR Pilot Project,Goat,PRE,09-Sep-16,18,3,12,9,5
Washington DNR Pilot Project,Goat,PRE,09-Sep-16,19,1,17,11,12
Washington DNR Pilot Project,Goat,PRE,09-Sep-16,19,2,0,0,5
Washington DNR Pilot Project,Goat,PRE,09-Sep-16,19,3,26,23,11
Washington DNR Pilot Project,Goat,PRE,09-Sep-16,20,1,2,1,4
Washington DNR Pilot Project,Goat,PRE,09-Sep-16,20,2,0,0,1
Washington DNR Pilot Project,Goat,PRE,09-Sep-16,20,3,2,7,6
Washington DNR Pilot Project,Hanlon,PRE,21-Aug-16,1,1,52,14,6
Washington DNR Pilot Project,Hanlon,PRE,21-Aug-16,1,2,19,1,3
Washington DNR Pilot Project,Hanlon,PRE,21-Aug-16,1,3,22,4,17
Washington DNR Pilot Project,Hanlon,PRE,21-Aug-16,2,1,30,7,6
Washington DNR Pilot Project,Hanlon,PRE,21-Aug-16,2,2,18,28,7
Washington DNR Pilot Project,Hanlon,PRE,21-Aug-16,2,3,28,14,3
Washington DNR Pilot Project,Hanlon,PRE,21-Aug-16,3,1,98,4,7
Washington DNR Pilot Project,Hanlon,PRE,21-Aug-16,3,2,5,3,1
Washington DNR Pilot Project,Hanlon,PRE,21-Aug-16,3,3,9,2,0
Washington DNR Pilot Project,Hanlon,PRE,21-Aug-16,4,1,4,6,8
Washington DNR Pilot Project,Hanlon,PRE,21-Aug-16,4,2,13,3,3
Washington DNR Pilot Project,Hanlon,PRE,21-Aug-16,4,3,65,27,9
Washington DNR Pilot Project,Hanlon,PRE,21-Aug-16,5,1,86,19,18
Washington DNR Pilot Project,Hanlon,PRE,21-Aug-16,5,2,7,5,0
Washington DNR Pilot Project,Hanlon,PRE,21-Aug-16,5,3,36,8,5
Washington DNR Pilot Project,Hanlon,PRE,21-Aug-16,6,1,25,7,2
Washington DNR Pilot Project,Hanlon,PRE,21-Aug-16,6,2,31,4,0
Washington DNR Pilot Project,Hanlon,PRE,21-Aug-16,6,3,50,5,8
Washington DNR Pilot Project,Hanlon,PRE,21-Aug-16,7,1,15,3,4
Washington DNR Pilot Project,Hanlon,PRE,21-Aug-16,7,2,27,2,6
Washington DNR Pilot Project,Hanlon,PRE,21-Aug-16,7,3,28,6,1
Washington DNR Pilot Project,Hanlon,PRE,21-Aug-16,8,1,26,3,0
Washington DNR Pilot Project,Hanlon,PRE,21-Aug-16,8,2,5,3,6
Washington DNR Pilot Project,Hanlon,PRE,21-Aug-16,8,3,8,1,3
Washington DNR Pilot Project,Hanlon,PRE,21-Aug-16,9,1,4,0,1
Washington DNR Pilot Project,Hanlon,PRE,21-Aug-16,9,2,13,2,3
Washington DNR Pilot Project,Hanlon,PRE,21-Aug-16,9,3,36,6,6
Washington DNR Pilot Project,Hanlon,PRE,21-Aug-16,10,1,29,11,11
Washington DNR Pilot Project,Hanlon,PRE,21-Aug-16,10,2,9,3,0
Washington DNR Pilot Project,Hanlon,PRE,21-Aug-16,10,3,7,2,0
Washington DNR Pilot Project,Hanlon,PRE,21-Aug-16,11,1,89,32,4
Washington DNR Pilot Project,Hanlon,PRE,21-Aug-16,11,2,37,2,0
Washington DNR Pilot Project,Hanlon,PRE,21-Aug-16,11,3,39,5,3
Washington DNR Pilot Project,Hanlon,PRE,21-Aug-16,12,1,59,2,8
Washington DNR Pilot Project,Hanlon,PRE,21-Aug-16,12,2,60,8,4
Washington DNR Pilot Project,Hanlon,PRE,21-Aug-16,12,3,57,9,2
Washington DNR Pilot Project,Hanlon,PRE,21-Aug-16,13,1,40,5,0
Washington DNR Pilot Project,Hanlon,PRE,21-Aug-16,13,2,8,7,3
Washington DNR Pilot Project,Hanlon,PRE,21-Aug-16,13,3,51,8,6
Washington DNR Pilot Project,Hanlon,PRE,21-Aug-16,14,1,14,0,1
Washington DNR Pilot Project,Hanlon,PRE,21-Aug-16,14,2,6,3,4
Washington DNR Pilot Project,Hanlon,PRE,21-Aug-16,14,3,6,29,0
Washington DNR Pilot Project,Hanlon,PRE,21-Aug-16,15,1,31,15,0
Washington DNR Pilot Project,Hanlon,PRE,21-Aug-16,15,2,35,12,2
Washington DNR Pilot Project,Hanlon,PRE,21-Aug-16,15,3,0,1,0
Washington DNR Pilot Project,Hanlon,PRE,21-Aug-16,16,1,16,0,11
Washington DNR Pilot Project,Hanlon,PRE,21-Aug-16,16,2,22,4,2
Washington DNR Pilot Project,Hanlon,PRE,21-Aug-16,16,3,11,1,1
Washington DNR Pilot Project,Hanlon,PRE,21-Aug-16,17,1,9,4,4
Washington DNR Pilot Project,Hanlon,PRE,21-Aug-16,17,2,31,6,9
Washington DNR Pilot Project,Hanlon,PRE,21-Aug-16,17,3,7,1,0
Washington DNR Pilot Project,Hanlon,PRE,21-Aug-16,18,1,44,32,0
Washington DNR Pilot Project,Hanlon,PRE,21-Aug-16,18,2,29,8,2
Washington DNR Pilot Project,Hanlon,PRE,21-Aug-16,18,3,20,7,22
Washington DNR Pilot Project,Hanlon,PRE,21-Aug-16,19,1,30,3,0
Washington DNR Pilot Project,Hanlon,PRE,21-Aug-16,19,2,10,7,6
Washington DNR Pilot Project,Hanlon,PRE,21-Aug-16,19,3,38,2,1
Washington DNR Pilot Project,Hanlon,PRE,21-Aug-16,20,1,10,4,3
Washington DNR Pilot Project,Hanlon,PRE,21-Aug-16,20,2,8,8,7
Washington DNR Pilot Project,Hanlon,PRE,21-Aug-16,20,3,31,3,19
Washington DNR Pilot Project,Hanlon,POST,18-Oct-16,1,1,52,14,6
Washington DNR Pilot Project,Hanlon,POST,18-Oct-16,1,2,19,1,3
Washington DNR Pilot Project,Hanlon,POST,18-Oct-16,1,3,22,4,17
Washington DNR Pilot Project,Hanlon,POST,18-Oct-16,2,1,30,7,6
Washington DNR Pilot Project,Hanlon,POST,18-Oct-16,2,2,18,28,7
Washington DNR Pilot Project,Hanlon,POST,18-Oct-16,2,3,28,14,3
Washington DNR Pilot Project,Hanlon,POST,18-Oct-16,3,1,98,4,7
Washington DNR Pilot Project,Hanlon,POST,18-Oct-16,3,2,5,3,1
Washington DNR Pilot Project,Hanlon,POST,18-Oct-16,3,3,9,2,0
Washington DNR Pilot Project,Hanlon,POST,18-Oct-16,4,1,4,6,8
Washington DNR Pilot Project,Hanlon,POST,18-Oct-16,4,2,13,3,3
Washington DNR Pilot Project,Hanlon,POST,18-Oct-16,4,3,65,27,9
Washington DNR Pilot Project,Hanlon,POST,18-Oct-16,5,1,86,19,18
Washington DNR Pilot Project,Hanlon,POST,18-Oct-16,5,2,7,5,0
Washington DNR Pilot Project,Hanlon,POST,18-Oct-16,5,3,36,8,5
Washington DNR Pilot Project,Hanlon,POST,18-Oct-16,6,1,25,7,2
Washington DNR Pilot Project,Hanlon,POST,18-Oct-16,6,2,31,4,0
Washington DNR Pilot Project,Hanlon,POST,18-Oct-16,6,3,50,5,8
Washington DNR Pilot Project,Hanlon,POST,18-Oct-16,7,1,15,3,0
Washington DNR Pilot Project,Hanlon,POST,18-Oct-16,7,2,27,2,6
Washington DNR Pilot Project,Hanlon,POST,18-Oct-16,7,3,28,6,1
Washington DNR Pilot Project,Hanlon,POST,18-Oct-16,8,1,26,3,0
Washington DNR Pilot Project,Hanlon,POST,18-Oct-16,8,2,5,3,6
Washington DNR Pilot Project,Hanlon,POST,18-Oct-16,8,3,8,1,3
Washington DNR Pilot Project,Hanlon,POST,18-Oct-16,9,1,4,0,1
Washington DNR Pilot Project,Hanlon,POST,18-Oct-16,9,2,13,2,3
Washington DNR Pilot Project,Hanlon,POST,18-Oct-16,9,3,36,6,6
Washington DNR Pilot Project,Hanlon,POST,18-Oct-16,10,1,29,11,11
Washington DNR Pilot Project,Hanlon,POST,18-Oct-16,10,2,9,3,0
Washington DNR Pilot Project,Hanlon,POST,18-Oct-16,10,3,7,2,0
Washington DNR Pilot Project,Hanlon,POST,18-Oct-16,11,1,89,32,4
Washington DNR Pilot Project,Hanlon,POST,18-Oct-16,11,2,37,2,0
Washington DNR Pilot Project,Hanlon,POST,18-Oct-16,11,3,3,1,0
Washington DNR Pilot Project,Hanlon,POST,18-Oct-16,12,1,59,2,8
Washington DNR Pilot Project,Hanlon,POST,18-Oct-16,12,2,60,8,4
Washington DNR Pilot Project,Hanlon,POST,18-Oct-16,12,3,57,9,2
Washington DNR Pilot Project,Hanlon,POST,18-Oct-16,13,1,40,5,0
Washington DNR Pilot Project,Hanlon,POST,18-Oct-16,13,2,8,7,3
Washington DNR Pilot Project,Hanlon,POST,18-Oct-16,13,3,51,8,6
Washington DNR Pilot Project,Hanlon,POST,18-Oct-16,14,1,14,0,1
Washington DNR Pilot Project,Hanlon,POST,18-Oct-16,14,2,6,3,4
Washington DNR Pilot Project,Hanlon,POST,18-Oct-16,14,3,6,29,0
Washington DNR Pilot Project,Hanlon,POST,18-Oct-16,15,1,31,15,0
Washington DNR Pilot Project,Hanlon,POST,18-Oct-16,15,2,35,12,5
Washington DNR Pilot Project,Hanlon,POST,18-Oct-16,15,3,0,1,0
Washington DNR Pilot Project,Hanlon,POST,18-Oct-16,16,1,0,1,0
Washington DNR Pilot Project,Hanlon,POST,18-Oct-16,16,2,22,4,1
Washington DNR Pilot Project,Hanlon,POST,18-Oct-16,16,3,11,1,1
Washington DNR Pilot Project,Hanlon,POST,18-Oct-16,17,1,9,4,4
Washington DNR Pilot Project,Hanlon,POST,18-Oct-16,17,2,31,6,9
Washington DNR Pilot Project,Hanlon,POST,18-Oct-16,17,3,7,1,0
Washington DNR Pilot Project,Hanlon,POST,18-Oct-16,18,1,44,32,0
Washington DNR Pilot Project,Hanlon,POST,18-Oct-16,18,2,29,8,2
Washington DNR Pilot Project,Hanlon,POST,18-Oct-16,18,3,20,7,22
Washington DNR Pilot Project,Hanlon,POST,18-Oct-16,19,1,30,3,0
Washington DNR Pilot Project,Hanlon,POST,18-Oct-16,19,2,10,7,6
Washington DNR Pilot Project,Hanlon,POST,18-Oct-16,19,3,38,2,1
Washington DNR Pilot Project,Hanlon,POST,18-Oct-16,20,1,10,4,3
Washington DNR Pilot Project,Hanlon,POST,18-Oct-16,20,2,20,3,1
Washington DNR Pilot Project,Hanlon,POST,18-Oct-16,20,3,3,1,0
Washington DNR Pilot Project,Natapoc 35,PRE,06-Oct-16,1,1,4,5,11
Washington DNR Pilot Project,Natapoc 35,PRE,06-Oct-16,1,2,65,15,16
Washington DNR Pilot Project,Natapoc 35,PRE,06-Oct-16,1,3,54,8,18
Washington DNR Pilot Project,Natapoc 35,PRE,06-Oct-16,2,1,35,10,12
Washington DNR Pilot Project,Natapoc 35,PRE,06-Oct-16,2,2,20,9,9
Washington DNR Pilot Project,Natapoc 35,PRE,06-Oct-16,2,3,44,23,15
Washington DNR Pilot Project,Natapoc 35,PRE,06-Oct-16,3,1,15,5,2
Washington DNR Pilot Project,Natapoc 35,PRE,06-Oct-16,3,2,154,5,4
Washington DNR Pilot Project,Natapoc 35,PRE,06-Oct-16,3,3,33,1,14
Washington DNR Pilot Project,Natapoc 35,PRE,06-Oct-16,4,1,14,4,5
Washington DNR Pilot Project,Natapoc 35,PRE,06-Oct-16,4,2,36,2,9
Washington DNR Pilot Project,Natapoc 35,PRE,06-Oct-16,4,3,15,3,3
Washington DNR Pilot Project,Natapoc 35,PRE,06-Oct-16,5,1,93,23,12
Washington DNR Pilot Project,Natapoc 35,PRE,06-Oct-16,5,2,0,2,9
Washington DNR Pilot Project,Natapoc 35,PRE,06-Oct-16,5,3,107,17,22
Washington DNR Pilot Project,Natapoc 35,PRE,06-Oct-16,6,1,19,5,21
Washington DNR Pilot Project,Natapoc 35,PRE,06-Oct-16,6,2,58,24,15
Washington DNR Pilot Project,Natapoc 35,PRE,06-Oct-16,6,3,20,16,21
Washington DNR Pilot Project,Natapoc 35,PRE,06-Oct-16,7,1,66,8,12
Washington DNR Pilot Project,Natapoc 35,PRE,06-Oct-16,7,2,76,15,11
Washington DNR Pilot Project,Natapoc 35,PRE,06-Oct-16,7,3,68,16,19
Washington DNR Pilot Project,Natapoc 35,PRE,06-Oct-16,8,1,15,12,13
Washington DNR Pilot Project,Natapoc 35,PRE,06-Oct-16,8,2,20,12,3
Washington DNR Pilot Project,Natapoc 35,PRE,06-Oct-16,8,3,73,44,12
Washington DNR Pilot Project,Natapoc 35,PRE,06-Oct-16,9,1,36,14,8
Washington DNR Pilot Project,Natapoc 35,PRE,06-Oct-16,9,2,30,17,18
Washington DNR Pilot Project,Natapoc 35,PRE,06-Oct-16,9,3,28,16,11
Washington DNR Pilot Project,Natapoc 35,PRE,06-Oct-16,10,1,41,7,6
Washington DNR Pilot Project,Natapoc 35,PRE,06-Oct-16,10,2,85,17,28
Washington DNR Pilot Project,Natapoc 35,PRE,06-Oct-16,10,3,72,25,24
Washington DNR Pilot Project,Natapoc 35,PRE,06-Oct-16,11,1,49,24,9
Washington DNR Pilot Project,Natapoc 35,PRE,06-Oct-16,11,2,32,4,7
Washington DNR Pilot Project,Natapoc 35,PRE,06-Oct-16,11,3,18,3,14
Washington DNR Pilot Project,Natapoc 35,PRE,06-Oct-16,12,1,24,7,17
Washington DNR Pilot Project,Natapoc 35,PRE,06-Oct-16,12,2,34,6,16
Washington DNR Pilot Project,Natapoc 35,PRE,06-Oct-16,12,3,52,17,8
Washington DNR Pilot Project,Natapoc 35,PRE,06-Oct-16,13,1,26,8,5
Washington DNR Pilot Project,Natapoc 35,PRE,06-Oct-16,13,2,8,20,11
Washington DNR Pilot Project,Natapoc 35,PRE,06-Oct-16,13,3,34,8,14
Washington DNR Pilot Project,Natapoc 35,PRE,06-Oct-16,14,1,35,9,16
Washington DNR Pilot Project,Natapoc 35,PRE,06-Oct-16,14,2,14,10,15
Washington DNR Pilot Project,Natapoc 35,PRE,06-Oct-16,14,3,122,24,9
Washington DNR Pilot Project,Natapoc 35,PRE,06-Oct-16,15,1,125,38,6
Washington DNR Pilot Project,Natapoc 35,PRE,06-Oct-16,15,2,111,32,18
Washington DNR Pilot Project,Natapoc 35,PRE,06-Oct-16,15,3,16,16,16
Washington DNR Pilot Project,Natapoc 35,PRE,06-Oct-16,16,1,183,12,9
Washington DNR Pilot Project,Natapoc 35,PRE,06-Oct-16,16,2,32,8,14
Washington DNR Pilot Project,Natapoc 35,PRE,06-Oct-16,16,3,68,17,10
Washington DNR Pilot Project,Natapoc 35,PRE,06-Oct-16,17,1,146,37,31
Washington DNR Pilot Project,Natapoc 35,PRE,06-Oct-16,17,2,3,2,19
Washington DNR Pilot Project,Natapoc 35,PRE,06-Oct-16,17,3,84,11,14
Washington DNR Pilot Project,Natapoc 35,PRE,06-Oct-16,18,1,9,6,14
Washington DNR Pilot Project,Natapoc 35,PRE,06-Oct-16,18,2,43,6,7
Washington DNR Pilot Project,Natapoc 35,PRE,06-Oct-16,18,3,49,9,15
Washington DNR Pilot Project,Natapoc 35,PRE,06-Oct-16,19,1,29,2,5
Washington DNR Pilot Project,Natapoc 35,PRE,06-Oct-16,19,2,71,11,6
Washington DNR Pilot Project,Natapoc 35,PRE,06-Oct-16,19,3,13,4,5
Washington DNR Pilot Project,Natapoc 35,PRE,06-Oct-16,20,1,41,15,7
Washington DNR Pilot Project,Natapoc 35,PRE,06-Oct-16,20,2,4,2,1
Washington DNR Pilot Project,Natapoc 35,PRE,06-Oct-16,20,3,37,4,5
Washington DNR Pilot Project,Oak Creek,PRE,02-Aug-16,1,1,15,2,3
Washington DNR Pilot Project,Oak Creek,PRE,02-Aug-16,1,2,39,14,6
Washington DNR Pilot Project,Oak Creek,PRE,02-Aug-16,1,3,13,0,6
Washington DNR Pilot Project,Oak Creek,PRE,02-Aug-16,2,1,1,0,2
Washington DNR Pilot Project,Oak Creek,PRE,02-Aug-16,2,2,44,8,3
Washington DNR Pilot Project,Oak Creek,PRE,02-Aug-16,2,3,16,4,6
Washington DNR Pilot Project,Oak Creek,PRE,02-Aug-16,3,1,5,1,5
Washington DNR Pilot Project,Oak Creek,PRE,02-Aug-16,3,2,0,5,3
Washington DNR Pilot Project,Oak Creek,PRE,02-Aug-16,3,3,28,1,13
Washington DNR Pilot Project,Oak Creek,PRE,02-Aug-16,4,1,4,1,7
Washington DNR Pilot Project,Oak Creek,PRE,02-Aug-16,4,2,6,0,4
Washington DNR Pilot Project,Oak Creek,PRE,02-Aug-16,4,3,26,5,4
Washington DNR Pilot Project,Oak Creek,PRE,02-Aug-16,5,1,104,9,1
Washington DNR Pilot Project,Oak Creek,PRE,02-Aug-16,5,2,19,2,9
Washington DNR Pilot Project,Oak Creek,PRE,02-Aug-16,5,3,234,16,2
Washington DNR Pilot Project,Oak Creek,PRE,02-Aug-16,6,1,36,2,12
Washington DNR Pilot Project,Oak Creek,PRE,02-Aug-16,6,2,5,0,8
Washington DNR Pilot Project,Oak Creek,PRE,02-Aug-16,6,3,33,19,10
Washington DNR Pilot Project,Oak Creek,PRE,02-Aug-16,7,1,16,4,10
Washington DNR Pilot Project,Oak Creek,PRE,02-Aug-16,7,2,32,23,7
Washington DNR Pilot Project,Oak Creek,PRE,02-Aug-16,7,3,23,7,26
Washington DNR Pilot Project,Oak Creek,PRE,02-Aug-16,8,1,10,6,30
Washington DNR Pilot Project,Oak Creek,PRE,02-Aug-16,8,2,3,2,5
Washington DNR Pilot Project,Oak Creek,PRE,02-Aug-16,8,3,182,9,8
Washington DNR Pilot Project,Oak Creek,PRE,02-Aug-16,9,1,27,12,10
Washington DNR Pilot Project,Oak Creek,PRE,02-Aug-16,9,2,23,3,0
Washington DNR Pilot Project,Oak Creek,PRE,02-Aug-16,9,3,36,4,3
Washington DNR Pilot Project,Oak Creek,PRE,02-Aug-16,10,1,21,6,6
Washington DNR Pilot Project,Oak Creek,PRE,02-Aug-16,10,2,34,5,13
Washington DNR Pilot Project,Oak Creek,PRE,02-Aug-16,10,3,43,26,2
Washington DNR Pilot Project,Oak Creek,PRE,02-Aug-16,11,1,47,13,7
Washington DNR Pilot Project,Oak Creek,PRE,02-Aug-16,11,2,70,9,2
Washington DNR Pilot Project,Oak Creek,PRE,02-Aug-16,11,3,8,0,1
Washington DNR Pilot Project,Oak Creek,PRE,02-Aug-16,12,1,11,0,8
Washington DNR Pilot Project,Oak Creek,PRE,02-Aug-16,12,2,8,4,2
Washington DNR Pilot Project,Oak Creek,PRE,02-Aug-16,12,3,15,10,1
Washington DNR Pilot Project,Oak Creek,PRE,02-Aug-16,13,1,39,6,3
Washington DNR Pilot Project,Oak Creek,PRE,02-Aug-16,13,2,16,5,7
Washington DNR Pilot Project,Oak Creek,PRE,02-Aug-16,13,3,132,10,7
Washington DNR Pilot Project,Oak Creek,PRE,02-Aug-16,14,1,6,6,7
Washington DNR Pilot Project,Oak Creek,PRE,02-Aug-16,14,2,6,1,1
Washington DNR Pilot Project,Oak Creek,PRE,02-Aug-16,14,3,42,9,2
Washington DNR Pilot Project,Oak Creek,PRE,02-Aug-16,15,1,3,4,5
Washington DNR Pilot Project,Oak Creek,PRE,02-Aug-16,15,2,2,0,8
Washington DNR Pilot Project,Oak Creek,PRE,02-Aug-16,15,3,25,6,11
Washington DNR Pilot Project,Oak Creek,PRE,02-Aug-16,16,1,25,8,5
Washington DNR Pilot Project,Oak Creek,PRE,02-Aug-16,16,2,30,5,2
Washington DNR Pilot Project,Oak Creek,PRE,02-Aug-16,16,3,1,0,3
Washington DNR Pilot Project,Oak Creek,PRE,02-Aug-16,17,1,8,4,1
Washington DNR Pilot Project,Oak Creek,PRE,02-Aug-16,17,2,7,0,3
Washington DNR Pilot Project,Oak Creek,PRE,02-Aug-16,17,3,13,13,8
Washington DNR Pilot Project,Oak Creek,PRE,02-Aug-16,18,1,7,3,1
Washington DNR Pilot Project,Oak Creek,PRE,02-Aug-16,18,2,39,30,5
Washington DNR Pilot Project,Oak Creek,PRE,02-Aug-16,18,3,16,1,1
Washington DNR Pilot Project,Oak Creek,PRE,02-Aug-16,19,1,0,0,2
Washington DNR Pilot Project,Oak Creek,PRE,02-Aug-16,19,2,0,0,7
Washington DNR Pilot Project,Oak Creek,PRE,02-Aug-16,19,3,10,7,12
Washington DNR Pilot Project,Oak Creek,PRE,02-Aug-16,20,1,0,1,3
Washington DNR Pilot Project,Oak Creek,PRE,02-Aug-16,20,2,5,3,2
Washington DNR Pilot Project,Oak Creek,PRE,02-Aug-16,20,3,0,3,7
Washington DNR Pilot Project,Orion 2,PRE,10-Sep-16,1,1,0,11,4
Washington DNR Pilot Project,Orion 2,PRE,10-Sep-16,1,2,0,1,2
Washington DNR Pilot Project,Orion 2,PRE,10-Sep-16,1,3,0,13,5
Washington DNR Pilot Project,Orion 2,PRE,10-Sep-16,2,1,2,1,1
Washington DNR Pilot Project,Orion 2,PRE,10-Sep-16,2,2,3,4,6
Washington DNR Pilot Project,Orion 2,PRE,10-Sep-16,2,3,0,0,3
Washington DNR Pilot Project,Orion 2,PRE,10-Sep-16,3,1,1,2,2
Washington DNR Pilot Project,Orion 2,PRE,10-Sep-16,3,2,9,8,6
Washington DNR Pilot Project,Orion 2,PRE,10-Sep-16,3,3,1,2,3
Washington DNR Pilot Project,Orion 2,PRE,10-Sep-16,4,1,1,7,2
Washington DNR Pilot Project,Orion 2,PRE,10-Sep-16,4,2,0,2,2
Washington DNR Pilot Project,Orion 2,PRE,10-Sep-16,4,3,1,3,2
Washington DNR Pilot Project,Orion 2,PRE,10-Sep-16,5,1,1,2,5
Washington DNR Pilot Project,Orion 2,PRE,10-Sep-16,5,2,0,3,3
Washington DNR Pilot Project,Orion 2,PRE,10-Sep-16,5,3,2,0,3
Washington DNR Pilot Project,Orion 2,PRE,10-Sep-16,6,1,0,2,7
Washington DNR Pilot Project,Orion 2,PRE,10-Sep-16,6,2,0,1,2
Washington DNR Pilot Project,Orion 2,PRE,10-Sep-16,6,3,0,1,6
Washington DNR Pilot Project,Orion 2,PRE,10-Sep-16,7,1,0,4,0
Washington DNR Pilot Project,Orion 2,PRE,10-Sep-16,7,2,0,1,3
Washington DNR Pilot Project,Orion 2,PRE,10-Sep-16,7,3,0,3,4
Washington DNR Pilot Project,Orion 2,PRE,10-Sep-16,8,1,1,3,4
Washington DNR Pilot Project,Orion 2,PRE,10-Sep-16,8,2,0,4,5
Washington DNR Pilot Project,Orion 2,PRE,10-Sep-16,8,3,1,4,6
Washington DNR Pilot Project,Orion 2,PRE,10-Sep-16,9,1,0,3,2
Washington DNR Pilot Project,Orion 2,PRE,10-Sep-16,9,2,0,1,1
Washington DNR Pilot Project,Orion 2,PRE,10-Sep-16,9,3,0,0,0
Washington DNR Pilot Project,Orion 2,PRE,10-Sep-16,10,1,0,0,0
Washington DNR Pilot Project,Orion 2,PRE,10-Sep-16,10,2,0,1,3
Washington DNR Pilot Project,Orion 2,PRE,10-Sep-16,10,3,0,1,3
Washington DNR Pilot Project,Orion 2,PRE,10-Sep-16,11,1,0,0,0
Washington DNR Pilot Project,Orion 2,PRE,10-Sep-16,11,2,0,0,5
Washington DNR Pilot Project,Orion 2,PRE,10-Sep-16,11,3,0,4,4
Washington DNR Pilot Project,Orion 2,PRE,10-Sep-16,12,1,0,1,0
Washington DNR Pilot Project,Orion 2,PRE,10-Sep-16,12,2,0,0,1
Washington DNR Pilot Project,Orion 2,PRE,10-Sep-16,12,3,0,0,1
Washington DNR Pilot Project,Orion 2,PRE,10-Sep-16,13,1,2,3,3
Washington DNR Pilot Project,Orion 2,PRE,10-Sep-16,13,2,0,1,2
Washington DNR Pilot Project,Orion 2,PRE,10-Sep-16,13,3,0,4,4
Washington DNR Pilot Project,Orion 2,PRE,10-Sep-16,14,1,1,4,2
Washington DNR Pilot Project,Orion 2,PRE,10-Sep-16,14,2,0,0,1
Washington DNR Pilot Project,Orion 2,PRE,10-Sep-16,14,3,0,0,4
Washington DNR Pilot Project,Orion 2,PRE,10-Sep-16,15,1,0,10,3
Washington DNR Pilot Project,Orion 2,PRE,10-Sep-16,15,2,0,0,2
Washington DNR Pilot Project,Orion 2,PRE,10-Sep-16,15,3,3,6,11
Washington DNR Pilot Project,Orion 2,PRE,10-Sep-16,16,1,1,1,2
Washington DNR Pilot Project,Orion 2,PRE,10-Sep-16,16,2,3,2,0
Washington DNR Pilot Project,Orion 2,PRE,10-Sep-16,16,3,0,2,3
Washington DNR Pilot Project,Orion 2,PRE,10-Sep-16,17,1,0,1,5
Washington DNR Pilot Project,Orion 2,PRE,10-Sep-16,17,2,0,15,5
Washington DNR Pilot Project,Orion 2,PRE,10-Sep-16,17,3,4,2,2
Washington DNR Pilot Project,Orion 2,PRE,10-Sep-16,18,1,1,3,4
Washington DNR Pilot Project,Orion 2,PRE,10-Sep-16,18,2,0,0,4
Washington DNR Pilot Project,Orion 2,PRE,10-Sep-16,18,3,0,2,4
Washington DNR Pilot Project,Orion 2,PRE,10-Sep-16,19,1,0,6,2
Washington DNR Pilot Project,Orion 2,PRE,10-Sep-16,19,2,0,0,1
Washington DNR Pilot Project,Orion 2,PRE,10-Sep-16,19,3,0,7,4
Washington DNR Pilot Project,Orion 2,PRE,10-Sep-16,20,1,0,3,3
Washington DNR Pilot Project,Orion 2,PRE,10-Sep-16,20,2,4,2,0
Washington DNR Pilot Project,Orion 2,PRE,10-Sep-16,20,3,0,2,9
Washington DNR Pilot Project,Orion 2,POST,12-Oct-16,1,1,0,0,0
Washington DNR Pilot Project,Orion 2,POST,12-Oct-16,1,2,0,1,1
Washington DNR Pilot Project,Orion 2,POST,12-Oct-16,1,3,0,0,4
Washington DNR Pilot Project,Orion 2,POST,12-Oct-16,2,1,0,0,0
Washington DNR Pilot Project,Orion 2,POST,12-Oct-16,2,2,9,4,2
Washington DNR Pilot Project,Orion 2,POST,12-Oct-16,2,3,0,2,2
Washington DNR Pilot Project,Orion 2,POST,12-Oct-16,3,1,0,1,0
Washington DNR Pilot Project,Orion 2,POST,12-Oct-16,3,2,1,0,0
Washington DNR Pilot Project,Orion 2,POST,12-Oct-16,3,3,0,1,0
Washington DNR Pilot Project,Orion 2,POST,12-Oct-16,4,1,1,4,0
Washington DNR Pilot Project,Orion 2,POST,12-Oct-16,4,2,0,0,1
Washington DNR Pilot Project,Orion 2,POST,12-Oct-16,4,3,0,1,0
Washington DNR Pilot Project,Orion 2,POST,12-Oct-16,5,1,0,1,1
Washington DNR Pilot Project,Orion 2,POST,12-Oct-16,5,2,0,0,0
Washington DNR Pilot Project,Orion 2,POST,12-Oct-16,5,3,0,4,2
Washington DNR Pilot Project,Orion 2,POST,12-Oct-16,6,1,0,1,0
Washington DNR Pilot Project,Orion 2,POST,12-Oct-16,6,2,0,0,0
Washington DNR Pilot Project,Orion 2,POST,12-Oct-16,6,3,0,0,2
Washington DNR Pilot Project,Orion 2,POST,12-Oct-16,7,1,0,3,2
Washington DNR Pilot Project,Orion 2,POST,12-Oct-16,7,2,0,1,1
Washington DNR Pilot Project,Orion 2,POST,12-Oct-16,7,3,1,4,8
Washington DNR Pilot Project,Orion 2,POST,12-Oct-16,8,1,2,0,4
Washington DNR Pilot Project,Orion 2,POST,12-Oct-16,8,2,0,3,4
Washington DNR Pilot Project,Orion 2,POST,12-Oct-16,8,3,0,4,6
Washington DNR Pilot Project,Orion 2,POST,12-Oct-16,9,1,0,0,0
Washington DNR Pilot Project,Orion 2,POST,12-Oct-16,9,2,0,1,1
Washington DNR Pilot Project,Orion 2,POST,12-Oct-16,9,3,0,0,0
Washington DNR Pilot Project,Orion 2,POST,12-Oct-16,10,1,0,0,0
Washington DNR Pilot Project,Orion 2,POST,12-Oct-16,10,2,1,6,3
Washington DNR Pilot Project,Orion 2,POST,12-Oct-16,10,3,0,1,1
Washington DNR Pilot Project,Orion 2,POST,12-Oct-16,11,1,0,0,0
Washington DNR Pilot Project,Orion 2,POST,12-Oct-16,11,2,0,0,2
Washington DNR Pilot Project,Orion 2,POST,12-Oct-16,11,3,0,2,2
Washington DNR Pilot Project,Orion 2,POST,12-Oct-16,12,1,0,1,0
Washington DNR Pilot Project,Orion 2,POST,12-Oct-16,12,2,0,0,1
Washington DNR Pilot Project,Orion 2,POST,12-Oct-16,12,3,0,1,0
Washington DNR Pilot Project,Orion 2,POST,12-Oct-16,13,1,2,1,0
Washington DNR Pilot Project,Orion 2,POST,12-Oct-16,13,2,0,0,1
Washington DNR Pilot Project,Orion 2,POST,12-Oct-16,13,3,1,10,1
Washington DNR Pilot Project,Orion 2,POST,12-Oct-16,14,1,0,2,2
Washington DNR Pilot Project,Orion 2,POST,12-Oct-16,14,2,0,1,0
Washington DNR Pilot Project,Orion 2,POST,12-Oct-16,14,3,0,0,1
Washington DNR Pilot Project,Orion 2,POST,12-Oct-16,15,1,2,8,1
Washington DNR Pilot Project,Orion 2,POST,12-Oct-16,15,2,0,0,0
Washington DNR Pilot Project,Orion 2,POST,12-Oct-16,15,3,1,2,2
Washington DNR Pilot Project,Orion 2,POST,12-Oct-16,16,1,0,1,4
Washington DNR Pilot Project,Orion 2,POST,12-Oct-16,16,2,0,2,1
Washington DNR Pilot Project,Orion 2,POST,12-Oct-16,16,3,0,0,0
Washington DNR Pilot Project,Orion 2,POST,12-Oct-16,17,1,0,0,4
Washington DNR Pilot Project,Orion 2,POST,12-Oct-16,17,2,1,10,0
Washington DNR Pilot Project,Orion 2,POST,12-Oct-16,17,3,0,0,0
Washington DNR Pilot Project,Orion 2,POST,12-Oct-16,18,1,1,3,3
Washington DNR Pilot Project,Orion 2,POST,12-Oct-16,18,2,0,0,3
Washington DNR Pilot Project,Orion 2,POST,12-Oct-16,18,3,0,1,1
Washington DNR Pilot Project,Orion 2,POST,12-Oct-16,19,1,0,0,4
Washington DNR Pilot Project,Orion 2,POST,12-Oct-16,19,2,0,0,0
Washington DNR Pilot Project,Orion 2,POST,12-Oct-16,19,3,0,1,2
Washington DNR Pilot Project,Orion 2,POST,12-Oct-16,20,1,5,9,1
Washington DNR Pilot Project,Orion 2,POST,12-Oct-16,20,2,0,1,0
Washington DNR Pilot Project,Orion 2,POST,12-Oct-16,20,3,0,1,0
Washington DNR Pilot Project,Paradise 90,PRE,17-Aug-16,1,1,35,10,10
Washington DNR Pilot Project,Paradise 90,PRE,17-Aug-16,1,2,22,12,16
Washington DNR Pilot Project,Paradise 90,PRE,17-Aug-16,1,3,13,16,7
Washington DNR Pilot Project,Paradise 90,PRE,17-Aug-16,2,1,3,1,1
Washington DNR Pilot Project,Paradise 90,PRE,17-Aug-16,2,2,2,8,3
Washington DNR Pilot Project,Paradise 90,PRE,17-Aug-16,3,1,1,5,4
Washington DNR Pilot Project,Paradise 90,PRE,17-Aug-16,3,2,12,0,8
Washington DNR Pilot Project,Paradise 90,PRE,17-Aug-16,3,3,18,31,20
Washington DNR Pilot Project,Paradise 90,PRE,17-Aug-16,4,1,3,9,17
Washington DNR Pilot Project,Paradise 90,PRE,17-Aug-16,4,2,3,14,2
Washington DNR Pilot Project,Paradise 90,PRE,17-Aug-16,4,3,7,1,0
Washington DNR Pilot Project,Paradise 90,PRE,17-Aug-16,5,1,11,6,11
Washington DNR Pilot Project,Paradise 90,PRE,17-Aug-16,5,2,14,1,3
Washington DNR Pilot Project,Paradise 90,PRE,17-Aug-16,5,3,4,8,4
Washington DNR Pilot Project,Paradise 90,PRE,17-Aug-16,6,1,2,7,6
Washington DNR Pilot Project,Paradise 90,PRE,17-Aug-16,6,2,0,9,3
Washington DNR Pilot Project,Paradise 90,PRE,17-Aug-16,6,3,10,13,10
Washington DNR Pilot Project,Paradise 90,PRE,17-Aug-16,7,1,18,10,9
Washington DNR Pilot Project,Paradise 90,PRE,17-Aug-16,7,2,39,19,2
Washington DNR Pilot Project,Paradise 90,PRE,17-Aug-16,7,3,11,5,3
Washington DNR Pilot Project,Paradise 90,PRE,17-Aug-16,8,1,7,9,4
Washington DNR Pilot Project,Paradise 90,PRE,17-Aug-16,8,2,2,10,3
Washington DNR Pilot Project,Paradise 90,PRE,17-Aug-16,8,3,34,12,5
Washington DNR Pilot Project,Paradise 90,PRE,17-Aug-16,9,1,128,31,5
Washington DNR Pilot Project,Paradise 90,PRE,17-Aug-16,9,2,31,7,9
Washington DNR Pilot Project,Paradise 90,PRE,17-Aug-16,9,3,12,0,7
Washington DNR Pilot Project,Paradise 90,PRE,17-Aug-16,10,1,13,2,6
Washington DNR Pilot Project,Paradise 90,PRE,17-Aug-16,10,2,34,11,0
Washington DNR Pilot Project,Paradise 90,PRE,17-Aug-16,10,3,35,21,8
Washington DNR Pilot Project,Paradise 90,PRE,17-Aug-16,11,1,10,11,7
Washington DNR Pilot Project,Paradise 90,PRE,17-Aug-16,11,2,5,4,2
Washington DNR Pilot Project,Paradise 90,PRE,17-Aug-16,11,3,15,5,4
Washington DNR Pilot Project,Paradise 90,PRE,17-Aug-16,12,1,7,9,1
Washington DNR Pilot Project,Paradise 90,PRE,17-Aug-16,12,2,16,15,8
Washington DNR Pilot Project,Paradise 90,PRE,17-Aug-16,12,3,10,13,6
Washington DNR Pilot Project,Paradise 90,PRE,17-Aug-16,13,1,88,20,5
Washington DNR Pilot Project,Paradise 90,PRE,17-Aug-16,13,2,14,17,3
Washington DNR Pilot Project,Paradise 90,PRE,17-Aug-16,13,3,22,26,12
Washington DNR Pilot Project,Paradise 90,PRE,17-Aug-16,14,1,0,5,5
Washington DNR Pilot Project,Paradise 90,PRE,17-Aug-16,14,2,10,2,4
Washington DNR Pilot Project,Paradise 90,PRE,17-Aug-16,14,3,8,3,7
Washington DNR Pilot Project,Paradise 90,PRE,17-Aug-16,15,1,68,13,18
Washington DNR Pilot Project,Paradise 90,PRE,17-Aug-16,15,2,16,7,8
Washington DNR Pilot Project,Paradise 90,PRE,17-Aug-16,15,3,17,4,11
Washington DNR Pilot Project,Paradise 90,PRE,17-Aug-16,16,1,6,7,18
Washington DNR Pilot Project,Paradise 90,PRE,17-Aug-16,16,2,4,1,0
Washington DNR Pilot Project,Paradise 90,PRE,17-Aug-16,16,3,0,6,5
Washington DNR Pilot Project,Paradise 90,PRE,17-Aug-16,17,1,5,3,14
Washington DNR Pilot Project,Paradise 90,PRE,17-Aug-16,17,2,24,8,8
Washington DNR Pilot Project,Paradise 90,PRE,17-Aug-16,17,3,19,8,11
Washington DNR Pilot Project,Paradise 90,PRE,17-Aug-16,18,1,58,25,9
Washington DNR Pilot Project,Paradise 90,PRE,17-Aug-16,18,2,37,10,9
Washington DNR Pilot Project,Paradise 90,PRE,17-Aug-16,18,3,28,11,8
Washington DNR Pilot Project,Paradise 90,PRE,17-Aug-16,19,1,0,0,0
Washington DNR Pilot Project,Paradise 90,PRE,17-Aug-16,19,2,13,8,3
Washington DNR Pilot Project,Paradise 90,PRE,17-Aug-16,19,3,13,2,15
Washington DNR Pilot Project,Paradise 90,PRE,17-Aug-16,20,1,3,1,14
Washington DNR Pilot Project,Paradise 90,PRE,17-Aug-16,20,2,33,8,11
Washington DNR Pilot Project,Paradise 90,PRE,17-Aug-16,20,3,11,0,0
Washington DNR Pilot Project,Paradise 90,POST,31-Oct-16,1,1,4,2,5
Washington DNR Pilot Project,Paradise 90,POST,31-Oct-16,1,2,0,0,7
Washington DNR Pilot Project,Paradise 90,POST,31-Oct-16,1,3,5,7,5
Washington DNR Pilot Project,Paradise 90,POST,31-Oct-16,2,1,1,1,0
Washington DNR Pilot Project,Paradise 90,POST,31-Oct-16,2,2,4,6,2
Washington DNR Pilot Project,Paradise 90,POST,31-Oct-16,2,3,0,2,1
Washington DNR Pilot Project,Paradise 90,POST,31-Oct-16,3,1,0,0,1
Washington DNR Pilot Project,Paradise 90,POST,31-Oct-16,3,2,0,0,2
Washington DNR Pilot Project,Paradise 90,POST,31-Oct-16,3,3,0,0,2
Washington DNR Pilot Project,Paradise 90,POST,31-Oct-16,4,1,0,2,0
Washington DNR Pilot Project,Paradise 90,POST,31-Oct-16,4,2,0,0,2
Washington DNR Pilot Project,Paradise 90,POST,31-Oct-16,4,3,1,1,0
Washington DNR Pilot Project,Paradise 90,POST,31-Oct-16,5,1,0,0,0
Washington DNR Pilot Project,Paradise 90,POST,31-Oct-16,5,2,4,2,1
Washington DNR Pilot Project,Paradise 90,POST,31-Oct-16,5,3,0,2,0
Washington DNR Pilot Project,Paradise 90,POST,31-Oct-16,6,1,0,8,1
Washington DNR Pilot Project,Paradise 90,POST,31-Oct-16,6,2,0,0,1
Washington DNR Pilot Project,Paradise 90,POST,31-Oct-16,6,3,5,5,2
Washington DNR Pilot Project,Paradise 90,POST,31-Oct-16,7,1,0,0,1
Washington DNR Pilot Project,Paradise 90,POST,31-Oct-16,7,2,1,1,1
Washington DNR Pilot Project,Paradise 90,POST,31-Oct-16,7,3,0,0,1
Washington DNR Pilot Project,Paradise 90,POST,31-Oct-16,8,1,1,2,5
Washington DNR Pilot Project,Paradise 90,POST,31-Oct-16,8,2,0,2,2
Washington DNR Pilot Project,Paradise 90,POST,31-Oct-16,8,3,6,1,4
Washington DNR Pilot Project,Paradise 90,POST,31-Oct-16,9,1,0,0,4
Washington DNR Pilot Project,Paradise 90,POST,31-Oct-16,9,2,2,2,5
Washington DNR Pilot Project,Paradise 90,POST,31-Oct-16,9,3,0,0,1
Washington DNR Pilot Project,Paradise 90,POST,31-Oct-16,10,1,3,1,3
Washington DNR Pilot Project,Paradise 90,POST,31-Oct-16,10,2,2,6,0
Washington DNR Pilot Project,Paradise 90,POST,31-Oct-16,10,3,3,0,4
Washington DNR Pilot Project,Paradise 90,POST,31-Oct-16,11,1,2,4,2
Washington DNR Pilot Project,Paradise 90,POST,31-Oct-16,11,2,5,4,2
Washington DNR Pilot Project,Paradise 90,POST,31-Oct-16,11,3,15,5,4
Washington DNR Pilot Project,Paradise 90,POST,31-Oct-16,12,1,3,5,0
Washington DNR Pilot Project,Paradise 90,POST,31-Oct-16,12,2,0,0,2
Washington DNR Pilot Project,Paradise 90,POST,31-Oct-16,12,3,0,0,2
Washington DNR Pilot Project,Paradise 90,POST,31-Oct-16,13,1,0,0,0
Washington DNR Pilot Project,Paradise 90,POST,31-Oct-16,13,2,4,5,3
Washington DNR Pilot Project,Paradise 90,POST,31-Oct-16,13,3,2,2,4
Washington DNR Pilot Project,Paradise 90,POST,31-Oct-16,14,1,1,6,4
Washington DNR Pilot Project,Paradise 90,POST,31-Oct-16,14,2,0,2,1
Washington DNR Pilot Project,Paradise 90,POST,31-Oct-16,14,3,6,1,2
Washington DNR Pilot Project,Paradise 90,POST,31-Oct-16,15,1,68,13,18
Washington DNR Pilot Project,Paradise 90,POST,31-Oct-16,15,2,16,7,7
Washington DNR Pilot Project,Paradise 90,POST,31-Oct-16,15,3,6,0,5
Washington DNR Pilot Project,Paradise 90,POST,31-Oct-16,16,1,0,4,2
Washington DNR Pilot Project,Paradise 90,POST,31-Oct-16,16,2,2,0,0
Washington DNR Pilot Project,Paradise 90,POST,31-Oct-16,16,3,0,6,1
Washington DNR Pilot Project,Paradise 90,POST,31-Oct-16,17,1,4,3,4
Washington DNR Pilot Project,Paradise 90,POST,31-Oct-16,17,2,24,8,5
Washington DNR Pilot Project,Paradise 90,POST,31-Oct-16,17,3,7,1,6
Washington DNR Pilot Project,Paradise 90,POST,31-Oct-16,18,1,0,0,1
Washington DNR Pilot Project,Paradise 90,POST,31-Oct-16,18,2,0,1,2
Washington DNR Pilot Project,Paradise 90,POST,31-Oct-16,18,3,28,11,3
Washington DNR Pilot Project,Paradise 90,POST,31-Oct-16,19,1,1,0,0
Washington DNR Pilot Project,Paradise 90,POST,31-Oct-16,19,2,11,5,1
Washington DNR Pilot Project,Paradise 90,POST,31-Oct-16,19,3,13,2,15
Washington DNR Pilot Project,Paradise 90,POST,31-Oct-16,20,1,3,1,12
Washington DNR Pilot Project,Paradise 90,POST,31-Oct-16,20,2,33,1,9
Washington DNR Pilot Project,Paradise 90,POST,31-Oct-16,20,3,11,0,0
Washington DNR Pilot Project,Sherman Creek,PRE,22-Aug-16,1,1,5,4,2
Washington DNR Pilot Project,Sherman Creek,PRE,22-Aug-16,1,2,3,13,18
Washington DNR Pilot Project,Sherman Creek,PRE,22-Aug-16,1,3,16,12,9
Washington DNR Pilot Project,Sherman Creek,PRE,22-Aug-16,2,1,1,2,23
Washington DNR Pilot Project,Sherman Creek,PRE,22-Aug-16,2,2,1,3,2
Washington DNR Pilot Project,Sherman Creek,PRE,22-Aug-16,2,3,0,12,6
Washington DNR Pilot Project,Sherman Creek,PRE,22-Aug-16,3,1,1,12,9
Washington DNR Pilot Project,Sherman Creek,PRE,22-Aug-16,3,2,7,2,7
Washington DNR Pilot Project,Sherman Creek,PRE,22-Aug-16,3,3,0,5,5
Washington DNR Pilot Project,Sherman Creek,PRE,22-Aug-16,4,1,0,8,7
Washington DNR Pilot Project,Sherman Creek,PRE,22-Aug-16,4,2,0,2,3
Washington DNR Pilot Project,Sherman Creek,PRE,22-Aug-16,4,3,0,4,5
Washington DNR Pilot Project,Sherman Creek,PRE,22-Aug-16,5,1,3,0,13
Washington DNR Pilot Project,Sherman Creek,PRE,22-Aug-16,5,2,4,3,6
Washington DNR Pilot Project,Sherman Creek,PRE,22-Aug-16,5,3,6,7,1
Washington DNR Pilot Project,Sherman Creek,PRE,22-Aug-16,6,1,2,1,25
Washington DNR Pilot Project,Sherman Creek,PRE,22-Aug-16,6,2,2,12,5
Washington DNR Pilot Project,Sherman Creek,PRE,22-Aug-16,6,3,1,7,12
Washington DNR Pilot Project,Sherman Creek,PRE,22-Aug-16,7,1,1,0,8
Washington DNR Pilot Project,Sherman Creek,PRE,22-Aug-16,7,2,2,18,10
Washington DNR Pilot Project,Sherman Creek,PRE,22-Aug-16,7,3,0,6,1
Washington DNR Pilot Project,Sherman Creek,PRE,22-Aug-16,8,1,0,1,3
Washington DNR Pilot Project,Sherman Creek,PRE,22-Aug-16,8,2,0,0,18
Washington DNR Pilot Project,Sherman Creek,PRE,22-Aug-16,8,3,0,3,3
Washington DNR Pilot Project,Sherman Creek,PRE,22-Aug-16,9,1,4,1,2
Washington DNR Pilot Project,Sherman Creek,PRE,22-Aug-16,9,2,0,2,27
Washington DNR Pilot Project,Sherman Creek,PRE,22-Aug-16,9,3,4,1,0
Washington DNR Pilot Project,Sherman Creek,PRE,22-Aug-16,10,1,0,0,17
Washington DNR Pilot Project,Sherman Creek,PRE,22-Aug-16,10,2,6,3,3
Washington DNR Pilot Project,Sherman Creek,PRE,22-Aug-16,10,3,2,6,12
Washington DNR Pilot Project,Sherman Creek,PRE,22-Aug-16,11,1,2,7,0
Washington DNR Pilot Project,Sherman Creek,PRE,22-Aug-16,11,2,0,5,7
Washington DNR Pilot Project,Sherman Creek,PRE,22-Aug-16,11,3,0,2,2
Washington DNR Pilot Project,Sherman Creek,PRE,22-Aug-16,12,1,2,1,7
Washington DNR Pilot Project,Sherman Creek,PRE,22-Aug-16,12,2,0,6,7
Washington DNR Pilot Project,Sherman Creek,PRE,22-Aug-16,12,3,1,3,5
Washington DNR Pilot Project,Sherman Creek,PRE,22-Aug-16,13,1,0,1,11
Washington DNR Pilot Project,Sherman Creek,PRE,22-Aug-16,13,2,3,5,11
Washington DNR Pilot Project,Sherman Creek,PRE,22-Aug-16,13,3,1,3,15
Washington DNR Pilot Project,Sherman Creek,PRE,22-Aug-16,14,1,0,0,8
Washington DNR Pilot Project,Sherman Creek,PRE,22-Aug-16,14,2,0,2,18
Washington DNR Pilot Project,Sherman Creek,PRE,22-Aug-16,14,3,0,29,7
Washington DNR Pilot Project,Sherman Creek,PRE,22-Aug-16,15,1,2,10,5
Washington DNR Pilot Project,Sherman Creek,PRE,22-Aug-16,15,2,0,6,1
Washington DNR Pilot Project,Sherman Creek,PRE,22-Aug-16,15,3,1,2,4
Washington DNR Pilot Project,Sherman Creek,PRE,22-Aug-16,16,1,0,2,3
Washington DNR Pilot Project,Sherman Creek,PRE,22-Aug-16,16,2,0,1,8
Washington DNR Pilot Project,Sherman Creek,PRE,22-Aug-16,16,3,2,4,8
Washington DNR Pilot Project,Sherman Creek,PRE,22-Aug-16,17,1,0,14,10
Washington DNR Pilot Project,Sherman Creek,PRE,22-Aug-16,17,2,2,0,5
Washington DNR Pilot Project,Sherman Creek,PRE,22-Aug-16,17,3,0,6,7
Washington DNR Pilot Project,Sherman Creek,PRE,22-Aug-16,18,1,2,33,4
Washington DNR Pilot Project,Sherman Creek,PRE,22-Aug-16,18,2,0,1,5
Washington DNR Pilot Project,Sherman Creek,PRE,22-Aug-16,18,3,2,0,2
Washington DNR Pilot Project,Sherman Creek,PRE,22-Aug-16,19,1,1,0,4
Washington DNR Pilot Project,Sherman Creek,PRE,22-Aug-16,19,2,0,6,8
Washington DNR Pilot Project,Sherman Creek,PRE,22-Aug-16,19,3,5,17,8
Washington DNR Pilot Project,Sherman Creek,PRE,22-Aug-16,20,1,3,2,4
Washington DNR Pilot Project,Sherman Creek,PRE,22-Aug-16,20,2,2,3,9
Washington DNR Pilot Project,Sherman Creek,PRE,22-Aug-16,20,3,38,10,16
Washington DNR Pilot Project,Sherman Creek,POST,25-May-17,1,1,2,3,5
Washington DNR Pilot Project,Sherman Creek,POST,25-May-17,1,2,2,15,4
Washington DNR Pilot Project,Sherman Creek,POST,25-May-17,1,3,3,3,8
Washington DNR Pilot Project,Sherman Creek,POST,25-May-17,2,1,1,3,19
Washington DNR Pilot Project,Sherman Creek,POST,25-May-17,2,2,2,2,1
Washington DNR Pilot Project,Sherman Creek,POST,25-May-17,2,3,1,7,5
Washington DNR Pilot Project,Sherman Creek,POST,25-May-17,3,1,0,7,7
Washington DNR Pilot Project,Sherman Creek,POST,25-May-17,3,2,3,3,1
Washington DNR Pilot Project,Sherman Creek,POST,25-May-17,3,3,3,2,2
Washington DNR Pilot Project,Sherman Creek,POST,25-May-17,4,1,3,11,6
Washington DNR Pilot Project,Sherman Creek,POST,25-May-17,4,2,1,1,3
Washington DNR Pilot Project,Sherman Creek,POST,25-May-17,4,3,0,4,4
Washington DNR Pilot Project,Sherman Creek,POST,25-May-17,5,1,0,0,14
Washington DNR Pilot Project,Sherman Creek,POST,25-May-17,5,2,1,8,6
Washington DNR Pilot Project,Sherman Creek,POST,25-May-17,5,3,9,3,3
Washington DNR Pilot Project,Sherman Creek,POST,25-May-17,6,1,1,0,9
Washington DNR Pilot Project,Sherman Creek,POST,25-May-17,6,2,2,11,5
Washington DNR Pilot Project,Sherman Creek,POST,25-May-17,6,3,4,19,12
Washington DNR Pilot Project,Sherman Creek,POST,25-May-17,7,1,1,21,12
Washington DNR Pilot Project,Sherman Creek,POST,25-May-17,7,2,14,21,6
Washington DNR Pilot Project,Sherman Creek,POST,25-May-17,7,3,0,6,10
Washington DNR Pilot Project,Sherman Creek,POST,25-May-17,8,1,0,0,2
Washington DNR Pilot Project,Sherman Creek,POST,25-May-17,8,2,3,1,7
Washington DNR Pilot Project,Sherman Creek,POST,25-May-17,8,3,2,6,1
Washington DNR Pilot Project,Sherman Creek,POST,25-May-17,9,1,2,2,1
Washington DNR Pilot Project,Sherman Creek,POST,25-May-17,9,2,0,2,23
Washington DNR Pilot Project,Sherman Creek,POST,25-May-17,9,3,1,2,0
Washington DNR Pilot Project,Sherman Creek,POST,25-May-17,10,1,0,0,11
Washington DNR Pilot Project,Sherman Creek,POST,25-May-17,10,2,2,0,6
Washington DNR Pilot Project,Sherman Creek,POST,25-May-17,10,3,3,7,12
Washington DNR Pilot Project,Sherman Creek,POST,25-May-17,11,1,5,3,3
Washington DNR Pilot Project,Sherman Creek,POST,25-May-17,11,2,4,2,7
Washington DNR Pilot Project,Sherman Creek,POST,25-May-17,11,3,3,4,1
Washington DNR Pilot Project,Sherman Creek,POST,25-May-17,12,1,0,0,11
Washington DNR Pilot Project,Sherman Creek,POST,25-May-17,12,2,1,7,10
Washington DNR Pilot Project,Sherman Creek,POST,25-May-17,12,3,2,4,4
Washington DNR Pilot Project,Sherman Creek,POST,25-May-17,13,1,0,2,10
Washington DNR Pilot Project,Sherman Creek,POST,25-May-17,13,2,3,3,10
Washington DNR Pilot Project,Sherman Creek,POST,25-May-17,13,3,0,9,6
Washington DNR Pilot Project,Sherman Creek,POST,25-May-17,14,1,1,0,19
Washington DNR Pilot Project,Sherman Creek,POST,25-May-17,14,2,1,1,5
Washington DNR Pilot Project,Sherman Creek,POST,25-May-17,14,3,1,5,6
Washington DNR Pilot Project,Sherman Creek,POST,25-May-17,15,1,0,7,6
Washington DNR Pilot Project,Sherman Creek,POST,25-May-17,15,2,2,4,4
Washington DNR Pilot Project,Sherman Creek,POST,25-May-17,15,3,0,3,3
Washington DNR Pilot Project,Sherman Creek,POST,25-May-17,16,1,0,4,4
Washington DNR Pilot Project,Sherman Creek,POST,25-May-17,16,2,0,0,9
Washington DNR Pilot Project,Sherman Creek,POST,25-May-17,16,3,0,6,6
Washington DNR Pilot Project,Sherman Creek,POST,25-May-17,17,1,0,8,7
Washington DNR Pilot Project,Sherman Creek,POST,25-May-17,17,2,0,0,3
Washington DNR Pilot Project,Sherman Creek,POST,25-May-17,17,3,0,8,6
Washington DNR Pilot Project,Sherman Creek,POST,25-May-17,18,1,0,9,8
Washington DNR Pilot Project,Sherman Creek,POST,25-May-17,18,2,0,2,4
Washington DNR Pilot Project,Sherman Creek,POST,25-May-17,18,3,0,0,4
Washington DNR Pilot Project,Sherman Creek,POST,25-May-17,19,1,0,1,2
Washington DNR Pilot Project,Sherman Creek,POST,25-May-17,19,2,0,1,2
Washington DNR Pilot Project,Sherman Creek,POST,25-May-17,19,3,0,5,7
Washington DNR Pilot Project,Sherman Creek,POST,25-May-17,20,1,0,7,1
Washington DNR Pilot Project,Sherman Creek,POST,25-May-17,20,2,1,1,6
Washington DNR Pilot Project,Sherman Creek,POST,25-May-17,20,3,9,13,10
Washington DNR Pilot Project,Upper Rendezvous 1,PRE,07-Sep-16,1,1,0,3,4
Washington DNR Pilot Project,Upper Rendezvous 1,PRE,07-Sep-16,1,2,3,0,2
Washington DNR Pilot Project,Upper Rendezvous 1,PRE,07-Sep-16,1,3,6,1,8
Washington DNR Pilot Project,Upper Rendezvous 1,PRE,07-Sep-16,2,1,32,6,9
Washington DNR Pilot Project,Upper Rendezvous 1,PRE,07-Sep-16,2,2,3,2,7
Washington DNR Pilot Project,Upper Rendezvous 1,PRE,07-Sep-16,2,3,11,31,2
Washington DNR Pilot Project,Upper Rendezvous 1,PRE,07-Sep-16,3,1,0,0,2
Washington DNR Pilot Project,Upper Rendezvous 1,PRE,07-Sep-16,3,2,4,2,1
Washington DNR Pilot Project,Upper Rendezvous 1,PRE,07-Sep-16,3,3,0,0,13
Washington DNR Pilot Project,Upper Rendezvous 1,PRE,07-Sep-16,4,1,8,0,0
Washington DNR Pilot Project,Upper Rendezvous 1,PRE,07-Sep-16,4,2,5,0,5
Washington DNR Pilot Project,Upper Rendezvous 1,PRE,07-Sep-16,4,3,3,1,7
Washington DNR Pilot Project,Upper Rendezvous 1,PRE,07-Sep-16,5,1,5,0,7
Washington DNR Pilot Project,Upper Rendezvous 1,PRE,07-Sep-16,5,2,1,2,2
Washington DNR Pilot Project,Upper Rendezvous 1,PRE,07-Sep-16,5,3,6,2,4
Washington DNR Pilot Project,Upper Rendezvous 1,PRE,07-Sep-16,6,1,7,4,9
Washington DNR Pilot Project,Upper Rendezvous 1,PRE,07-Sep-16,6,2,5,1,2
Washington DNR Pilot Project,Upper Rendezvous 1,PRE,07-Sep-16,6,3,5,3,4
Washington DNR Pilot Project,Upper Rendezvous 1,PRE,07-Sep-16,7,1,1,2,4
Washington DNR Pilot Project,Upper Rendezvous 1,PRE,07-Sep-16,7,2,3,1,1
Washington DNR Pilot Project,Upper Rendezvous 1,PRE,07-Sep-16,7,3,0,1,18
Washington DNR Pilot Project,Upper Rendezvous 1,PRE,07-Sep-16,8,1,1,0,2
Washington DNR Pilot Project,Upper Rendezvous 1,PRE,07-Sep-16,8,2,36,2,1
Washington DNR Pilot Project,Upper Rendezvous 1,PRE,07-Sep-16,8,3,6,0,6
Washington DNR Pilot Project,Upper Rendezvous 1,PRE,07-Sep-16,9,1,39,10,13
Washington DNR Pilot Project,Upper Rendezvous 1,PRE,07-Sep-16,9,2,9,6,11
Washington DNR Pilot Project,Upper Rendezvous 1,PRE,07-Sep-16,9,3,12,1,9
Washington DNR Pilot Project,Upper Rendezvous 1,PRE,07-Sep-16,10,1,2,6,7
Washington DNR Pilot Project,Upper Rendezvous 1,PRE,07-Sep-16,10,2,1,0,2
Washington DNR Pilot Project,Upper Rendezvous 1,PRE,07-Sep-16,10,3,15,2,4
Washington DNR Pilot Project,Upper Rendezvous 1,PRE,07-Sep-16,11,1,52,5,10
Washington DNR Pilot Project,Upper Rendezvous 1,PRE,07-Sep-16,11,2,10,9,17
Washington DNR Pilot Project,Upper Rendezvous 1,PRE,07-Sep-16,11,3,19,7,6
Washington DNR Pilot Project,Upper Rendezvous 1,PRE,07-Sep-16,12,1,4,6,9
Washington DNR Pilot Project,Upper Rendezvous 1,PRE,07-Sep-16,12,2,2,3,5
Washington DNR Pilot Project,Upper Rendezvous 1,PRE,07-Sep-16,12,3,22,7,7
Washington DNR Pilot Project,Upper Rendezvous 1,PRE,07-Sep-16,13,1,1,6,9
Washington DNR Pilot Project,Upper Rendezvous 1,PRE,07-Sep-16,13,2,48,11,16
Washington DNR Pilot Project,Upper Rendezvous 1,PRE,07-Sep-16,13,3,21,3,11
Washington DNR Pilot Project,Upper Rendezvous 1,PRE,07-Sep-16,14,1,1,2,3
Washington DNR Pilot Project,Upper Rendezvous 1,PRE,07-Sep-16,14,2,0,0,3
Washington DNR Pilot Project,Upper Rendezvous 1,PRE,07-Sep-16,14,3,0,1,7
Washington DNR Pilot Project,Upper Rendezvous 1,PRE,07-Sep-16,15,1,6,9,14
Washington DNR Pilot Project,Upper Rendezvous 1,PRE,07-Sep-16,15,2,3,2,6
Washington DNR Pilot Project,Upper Rendezvous 1,PRE,07-Sep-16,15,3,3,13,6
Washington DNR Pilot Project,Upper Rendezvous 1,PRE,07-Sep-16,16,1,0,0,13
Washington DNR Pilot Project,Upper Rendezvous 1,PRE,07-Sep-16,16,2,1,5,4
Washington DNR Pilot Project,Upper Rendezvous 1,PRE,07-Sep-16,16,3,5,3,7
Washington DNR Pilot Project,Upper Rendezvous 1,PRE,07-Sep-16,17,1,3,0,2
Washington DNR Pilot Project,Upper Rendezvous 1,PRE,07-Sep-16,17,2,10,3,3
Washington DNR Pilot Project,Upper Rendezvous 1,PRE,07-Sep-16,17,3,13,14,5
Washington DNR Pilot Project,Upper Rendezvous 1,PRE,07-Sep-16,18,1,1,3,3
Washington DNR Pilot Project,Upper Rendezvous 1,PRE,07-Sep-16,18,2,15,3,7
Washington DNR Pilot Project,Upper Rendezvous 1,PRE,07-Sep-16,18,3,53,15,3
Washington DNR Pilot Project,Upper Rendezvous 1,PRE,07-Sep-16,19,1,2,4,6
Washington DNR Pilot Project,Upper Rendezvous 1,PRE,07-Sep-16,19,2,1,6,12
Washington DNR Pilot Project,Upper Rendezvous 1,PRE,07-Sep-16,19,3,0,1,3
Washington DNR Pilot Project,Upper Rendezvous 1,PRE,07-Sep-16,20,1,9,2,7
Washington DNR Pilot Project,Upper Rendezvous 1,PRE,07-Sep-16,20,2,9,6,17
Washington DNR Pilot Project,Upper Rendezvous 1,PRE,07-Sep-16,20,3,15,4,24
Washington DNR Pilot Project,Vulcan,PRE,24-Aug-16,1,1,12,5,10
Washington DNR Pilot Project,Vulcan,PRE,24-Aug-16,1,2,2,2,5
Washington DNR Pilot Project,Vulcan,PRE,24-Aug-16,1,3,12,1,1
Washington DNR Pilot Project,Vulcan,PRE,24-Aug-16,2,1,8,4,11
Washington DNR Pilot Project,Vulcan,PRE,24-Aug-16,2,2,17,5,14
Washington DNR Pilot Project,Vulcan,PRE,24-Aug-16,2,3,31,3,17
Washington DNR Pilot Project,Vulcan,PRE,24-Aug-16,3,1,8,4,7
Washington DNR Pilot Project,Vulcan,PRE,24-Aug-16,3,2,27,9,26
Washington DNR Pilot Project,Vulcan,PRE,24-Aug-16,3,3,11,7,10
Washington DNR Pilot Project,Vulcan,PRE,24-Aug-16,4,1,5,1,3
Washington DNR Pilot Project,Vulcan,PRE,24-Aug-16,4,2,18,5,15
Washington DNR Pilot Project,Vulcan,PRE,24-Aug-16,4,3,8,6,10
Washington DNR Pilot Project,Vulcan,PRE,24-Aug-16,5,1,11,14,23
Washington DNR Pilot Project,Vulcan,PRE,24-Aug-16,5,2,30,9,16
Washington DNR Pilot Project,Vulcan,PRE,24-Aug-16,5,3,36,6,10
Washington DNR Pilot Project,Vulcan,PRE,24-Aug-16,6,1,19,5,6
Washington DNR Pilot Project,Vulcan,PRE,24-Aug-16,6,2,20,6,6
Washington DNR Pilot Project,Vulcan,PRE,24-Aug-16,6,3,16,17,4
Washington DNR Pilot Project,Vulcan,PRE,24-Aug-16,7,1,9,7,10
Washington DNR Pilot Project,Vulcan,PRE,24-Aug-16,7,2,32,0,7
Washington DNR Pilot Project,Vulcan,PRE,24-Aug-16,7,3,2,1,14
Washington DNR Pilot Project,Vulcan,PRE,24-Aug-16,8,1,61,33,7
Washington DNR Pilot Project,Vulcan,PRE,24-Aug-16,8,2,43,1,8
Washington DNR Pilot Project,Vulcan,PRE,24-Aug-16,8,3,10,13,20
Washington DNR Pilot Project,Vulcan,PRE,24-Aug-16,9,1,40,12,6
Washington DNR Pilot Project,Vulcan,PRE,24-Aug-16,9,2,14,9,19
Washington DNR Pilot Project,Vulcan,PRE,24-Aug-16,9,3,7,2,8
Washington DNR Pilot Project,Vulcan,PRE,24-Aug-16,10,1,20,6,21
Washington DNR Pilot Project,Vulcan,PRE,24-Aug-16,10,2,32,17,26
Washington DNR Pilot Project,Vulcan,PRE,24-Aug-16,10,3,19,5,13
Washington DNR Pilot Project,Vulcan,PRE,24-Aug-16,11,1,26,25,15
Washington DNR Pilot Project,Vulcan,PRE,24-Aug-16,11,2,57,9,6
Washington DNR Pilot Project,Vulcan,PRE,24-Aug-16,11,3,31,18,10
Washington DNR Pilot Project,Vulcan,PRE,24-Aug-16,12,1,26,20,5
Washington DNR Pilot Project,Vulcan,PRE,24-Aug-16,12,2,4,1,6
Washington DNR Pilot Project,Vulcan,PRE,24-Aug-16,12,3,7,4,10
Washington DNR Pilot Project,Vulcan,PRE,24-Aug-16,13,1,4,7,1
Washington DNR Pilot Project,Vulcan,PRE,24-Aug-16,13,2,45,19,0
Washington DNR Pilot Project,Vulcan,PRE,24-Aug-16,13,3,2,1,0
Washington DNR Pilot Project,Vulcan,PRE,24-Aug-16,14,1,2,0,7
Washington DNR Pilot Project,Vulcan,PRE,24-Aug-16,14,2,29,15,9
Washington DNR Pilot Project,Vulcan,PRE,24-Aug-16,14,3,15,5,6
Washington DNR Pilot Project,Vulcan,PRE,24-Aug-16,15,1,35,7,26
Washington DNR Pilot Project,Vulcan,PRE,24-Aug-16,15,2,55,20,9
Washington DNR Pilot Project,Vulcan,PRE,24-Aug-16,15,3,33,12,13
Washington DNR Pilot Project,Vulcan,PRE,24-Aug-16,16,1,18,7,13
Washington DNR Pilot Project,Vulcan,PRE,24-Aug-16,16,2,35,6,26
Washington DNR Pilot Project,Vulcan,PRE,24-Aug-16,16,3,63,18,9
Washington DNR Pilot Project,Vulcan,PRE,24-Aug-16,17,1,1,2,20
Washington DNR Pilot Project,Vulcan,PRE,24-Aug-16,17,2,23,6,17
Washington DNR Pilot Project,Vulcan,PRE,24-Aug-16,17,3,18,19,3
Washington DNR Pilot Project,Vulcan,PRE,24-Aug-16,18,1,1,1,3
Washington DNR Pilot Project,Vulcan,PRE,24-Aug-16,18,2,16,2,7
Washington DNR Pilot Project,Vulcan,PRE,24-Aug-16,18,3,2,2,8
Washington DNR Pilot Project,Vulcan,PRE,24-Aug-16,19,1,27,10,3
Washington DNR Pilot Project,Vulcan,PRE,24-Aug-16,19,2,18,20,24
Washington DNR Pilot Project,Vulcan,PRE,24-Aug-16,19,3,16,17,10
Washington DNR Pilot Project,Vulcan,PRE,24-Aug-16,20,1,24,10,8
Washington DNR Pilot Project,Vulcan,PRE,24-Aug-16,20,2,17,4,7
Washington DNR Pilot Project,Vulcan,PRE,24-Aug-16,20,3,21,10,12
